2015-01-01,1417.49
2015-01-02,1468
2015-01-03,1446.09
2015-01-04,1454.77
2015-01-05,1493.47
2015-01-06,1486.6
2015-01-07,1485.7
2015-01-08,1521.3
2015-01-09,1516.99
2015-01-10,1603.17
2015-01-11,1490.54
2015-01-12,1534.76
2015-01-13,1605.29
2015-01-14,1586.05
2015-01-15,1573.02
2015-01-16,1597.96
2015-01-17,1443.18
2015-01-18,1563.74
2015-01-19,1573.76
2015-01-20,1563.17
2015-01-21,1594.86
2015-01-22,1550.31
2015-01-23,1523.96
2015-01-24,1523.86
2015-01-25,1480.18
2015-01-26,1557.77
2015-01-27,1613.03
2015-01-28,1654.92
2015-01-29,1693.73
2015-01-30,1658.57
2015-01-31,1579.4
2015-02-01,1474.1
2015-02-02,1504.87
2015-02-03,1587.63
2015-02-04,1628.02
2015-02-05,1551.69
2015-02-06,1573.31
2015-02-07,1476.71
2015-02-08,1520.63
2015-02-09,1563.48
2015-02-10,1599.99
2015-02-11,1601.38
2015-02-12,1596.72
2015-02-13,1549.38
2015-02-14,1614.9
2015-02-15,1448.21
2015-02-16,1545.31
2015-02-17,1538.09
2015-02-18,1493.52
2015-02-19,1540.05
2015-02-20,1629.51
2015-02-21,1568.84
2015-02-22,1429.6
2015-02-23,1494.4
2015-02-24,1407.57
2015-02-25,1475.53
2015-02-26,1501.15
2015-02-27,1535.73
2015-02-28,1452.5
2015-03-01,1374.17
2015-03-02,1514.27
2015-03-03,1457.78
2015-03-04,1389.59
2015-03-05,1257.41
2015-03-06,1336.74
2015-03-07,1306.65
2015-03-08,1264.91
2015-03-09,1334.39
2015-03-10,1313.65
2015-03-11,1327.81
2015-03-12,1297.63
2015-03-13,1307.51
2015-03-14,1276.95
2015-03-15,1088.13
2015-03-16,1215.8
2015-03-17,1203.71
2015-03-18,1260.6
2015-03-19,1215.98
2015-03-20,1251.97
2015-03-21,1165.59
2015-03-22,1170.83
2015-03-23,1211.55
2015-03-24,1226.96
2015-03-25,1222.86
2015-03-26,1186.17
2015-03-27,1255.12
2015-03-28,1287.79
2015-03-29,1123.3
2015-03-30,1258.26
2015-03-31,1305.82
2015-04-01,1270.71
2015-04-02,1140.67
2015-04-03,1155.24
2015-04-04,1112.33
2015-04-05,1164.65
2015-04-06,1145.35
2015-04-07,1128.61
2015-04-08,1128.58
2015-04-09,1209
2015-04-10,1159.87
2015-04-11,1198.84
2015-04-12,1041.6
2015-04-13,1119.97
2015-04-14,1131.1
2015-04-15,1196.44
2015-04-16,1185.36
2015-04-17,1168.53
2015-04-18,1160.89
2015-04-19,1039.95
2015-04-20,1123.76
2015-04-21,1116.28
2015-04-22,1136.88
2015-04-23,1167.58
2015-04-24,1163.06
2015-04-25,1112.03
2015-04-26,1097.56
2015-04-27,1028.63
2015-04-28,1098.18
2015-04-29,1045.6
2015-04-30,1096.87
2015-05-01,1114
2015-05-02,1048.82
2015-05-03,1044.61
2015-05-04,1075.07
2015-05-05,1096.33
2015-05-06,1092.59
2015-05-07,1134
2015-05-08,1119.42
2015-05-09,1112.83
2015-05-10,961.58
2015-05-11,1130.43
2015-05-12,1125.11
2015-05-13,1172.94
2015-05-14,1139.19
2015-05-15,1067.55
2015-05-16,1007.98
2015-05-17,1034.47
2015-05-18,1082.83
2015-05-19,1097.95
2015-05-20,1081.2
2015-05-21,1042.89
2015-05-22,1036.03
2015-05-23,1043.69
2015-05-24,970.43
2015-05-25,1070.19
2015-05-26,1020.8
2015-05-27,981.25
2015-05-28,1010.07
2015-05-29,1062.27
2015-05-30,1044.93
2015-05-31,1020.06
2015-06-01,1044.93
2015-06-02,1024.55
2015-06-03,1127.37
2015-06-04,1080.44
2015-06-05,1070.5
2015-06-06,1054.03
2015-06-07,1083
2015-06-08,1049.84
2015-06-09,1098.43
2015-06-10,1084.12
2015-06-11,1066.84
2015-06-12,1024.07
2015-06-13,1045.83
2015-06-14,938.37
2015-06-15,960.67
2015-06-16,955.68
2015-06-17,990.25
2015-06-18,1065.62
2015-06-19,1020.81
2015-06-20,1088.49
2015-06-21,989.57
2015-06-22,995.1
2015-06-23,1034.78
2015-06-24,1018.84
2015-06-25,997.86
2015-06-26,1117
2015-06-27,1009.39
2015-06-28,1023.48
2015-06-29,1121.73
2015-06-30,1179.53
2015-07-01,1214.97
2015-07-02,1204.67
2015-07-03,1164.38
2015-07-04,1141.58
2015-07-05,1158.72
2015-07-06,1206.45
2015-07-07,1243.59
2015-07-08,1276.38
2015-07-09,1244.94
2015-07-10,1254.94
2015-07-11,1110.16
2015-07-12,1083.43
2015-07-13,1125.83
2015-07-14,1238.67
2015-07-15,1174.75
2015-07-16,1180.75
2015-07-17,1206.41
2015-07-18,1235.47
2015-07-19,1079.61
2015-07-20,1160.88
2015-07-21,1151.73
2015-07-22,1158.57
2015-07-23,1106.38
2015-07-24,1151.92
2015-07-25,1103.91
2015-07-26,1029.08
2015-07-27,1070.94
2015-07-28,1050.86
2015-07-29,1107.5
2015-07-30,1097.51
2015-07-31,1053.79
2015-08-01,1020.67
2015-08-02,1057.98
2015-08-03,1075.84
2015-08-04,1089.53
2015-08-05,1047.34
2015-08-06,1048.67
2015-08-07,1043.37
2015-08-08,969.22
2015-08-09,971.4
2015-08-10,1009.96
2015-08-11,1098.33
2015-08-12,1027.81
2015-08-13,1071.7
2015-08-14,1044.08
2015-08-15,960.93
2015-08-16,971.18
2015-08-17,961.04
2015-08-18,1008.91
2015-08-19,941.89
2015-08-20,977.48
2015-08-21,1017.58
2015-08-22,1019.01
2015-08-23,942.12
2015-08-24,940.21
2015-08-25,953.79
2015-08-26,1057.11
2015-08-27,1014.58
2015-08-28,1001.85
2015-08-29,1072.53
2015-08-30,1003.79
2015-08-31,962.34
2015-09-01,1017.4
2015-09-02,970.73
2015-09-03,976.08
2015-09-04,909.15
2015-09-05,938.81
2015-09-06,931.02
2015-09-07,950.22
2015-09-08,944.11
2015-09-09,959.31
2015-09-10,987.52
2015-09-11,969.95
2015-09-12,962.4
2015-09-13,998.97
2015-09-14,978.35
2015-09-15,960.81
2015-09-16,963.65
2015-09-17,975.42
2015-09-18,948.27
2015-09-19,943.06
2015-09-20,943.31
2015-09-21,1025.21
2015-09-22,1054.38
2015-09-23,951.48
2015-09-24,1022.58
2015-09-25,1003.93
2015-09-26,992.99
2015-09-27,946.35
2015-09-28,957.72
2015-09-29,970.41
2015-09-30,958.84
2015-10-01,1039.87
2015-10-02,992.56
2015-10-03,1021.41
2015-10-04,991.59
2015-10-05,1030.32
2015-10-06,1090.65
2015-10-07,1005.57
2015-10-08,1014.56
2015-10-09,1098.55
2015-10-10,986.27
2015-10-11,971.97
2015-10-12,987
2015-10-13,1044.19
2015-10-14,1016.95
2015-10-15,1050.37
2015-10-16,1041.85
2015-10-17,1076.07
2015-10-18,1012.47
2015-10-19,1000.29
2015-10-20,1077.86
2015-10-21,1091.21
2015-10-22,1050.89
2015-10-23,1096.03
2015-10-24,1017.96
2015-10-25,1062.26
2015-10-26,1098.59
2015-10-27,1019.28
2015-10-28,1046.25
2015-10-29,1074.25
2015-10-30,1096.7
2015-10-31,1044.83
2015-11-01,1128.9
2015-11-02,1044.8
2015-11-03,1089.6
2015-11-04,1092
2015-11-05,1066.32
2015-11-06,1137.6
2015-11-07,1067.19
2015-11-08,1040.97
2015-11-09,1056.53
2015-11-10,1077.38
2015-11-11,1117.94
2015-11-12,1053.54
2015-11-13,1033.36
2015-11-14,1069.13
2015-11-15,1040.14
2015-11-16,1059.62
2015-11-17,1001.57
2015-11-18,1129.93
2015-11-19,1107.69
2015-11-20,1033.52
2015-11-21,1134.79
2015-11-22,1084.51
2015-11-23,1010.91
2015-11-24,1092.17
2015-11-25,1149.45
2015-11-26,1220.17
2015-11-27,1163.07
2015-11-28,1191.59
2015-11-29,1133.04
2015-11-30,1126.39
2015-12-01,1149.54
2015-12-02,1193.8
2015-12-03,1176.79
2015-12-04,1218.06
2015-12-05,1225.98
2015-12-06,1138.95
2015-12-07,1163.07
2015-12-08,1162.12
2015-12-09,1155.43
2015-12-10,1150.04
2015-12-11,1220.53
2015-12-12,1171.58
2015-12-13,1146.76
2015-12-14,1186.21
2015-12-15,1193.84
2015-12-16,1240.05
2015-12-17,1231.02
2015-12-18,1217.44
2015-12-19,1238.21
2015-12-20,1151.9
2015-12-21,1158.2
2015-12-22,1181.46
2015-12-23,1168.68
2015-12-24,1175.69
2015-12-25,1184.7
2015-12-26,1130.27
2015-12-27,1162.18
2015-12-28,1194.82
2015-12-29,1279.5
2015-12-30,1269.93
2015-12-31,1220.87
2016-01-01,1229.54
2016-01-02,1175.75
2016-01-03,1196.79
2016-01-04,1230.74
2016-01-05,1287.96
2016-01-06,1235.98
2016-01-07,1288.43
2016-01-08,1271.59
2016-01-09,1273.25
2016-01-10,1220.5
2016-01-11,1285.31
2016-01-12,1268.63
2016-01-13,1235.42
2016-01-14,1292.67
2016-01-15,1298.67
2016-01-16,1316.78
2016-01-17,1152.79
2016-01-18,1221.84
2016-01-19,1301.36
2016-01-20,1289.06
2016-01-21,1287.01
2016-01-22,1327.39
2016-01-23,1339.07
2016-01-24,1224
2016-01-25,1226.92
2016-01-26,1235.62
2016-01-27,1241.75
2016-01-28,1281.08
2016-01-29,1210.49
2016-01-30,1217.86
2016-01-31,1205.42
2016-02-01,1279.5
2016-02-02,1192.79
2016-02-03,1210.93
2016-02-04,1241.17
2016-02-05,1270.08
2016-02-06,1212.01
2016-02-07,1209.51
2016-02-08,1203.14
2016-02-09,1265.72
2016-02-10,1266.4
2016-02-11,1246.58
2016-02-12,1279.03
2016-02-13,1225.12
2016-02-14,1204
2016-02-15,1129.41
2016-02-16,1183.68
2016-02-17,1246.06
2016-02-18,1250.8
2016-02-19,1266.61
2016-02-20,1278.49
2016-02-21,1246.08
2016-02-22,1264.7
2016-02-23,1275.77
2016-02-24,1252.79
2016-02-25,1303.52
2016-02-26,1385.26
2016-02-27,1211.59
2016-02-28,1126.47
2016-02-29,1238.23
2016-03-01,1246.17
2016-03-02,1179
2016-03-03,1328.33
2016-03-04,1353.32
2016-03-05,1256.82
2016-03-06,1181.2
2016-03-07,1269.44
2016-03-08,1252.28
2016-03-09,1264.91
2016-03-10,1221.43
2016-03-11,1264
2016-03-12,1305.89
2016-03-13,1241.05
2016-03-14,1212.6
2016-03-15,1304.11
2016-03-16,1282.04
2016-03-17,1307.61
2016-03-18,1381.76
2016-03-19,1279.99
2016-03-20,1253.03
2016-03-21,1180.06
2016-03-22,1224.22
2016-03-23,1303.66
2016-03-24,1202.01
2016-03-25,1202.18
2016-03-26,1175.87
2016-03-27,1103.66
2016-03-28,1148.09
2016-03-29,1198.64
2016-03-30,1275.87
2016-03-31,1254.18
2016-04-01,1226.64
2016-04-02,1227.37
2016-04-03,1198.75
2016-04-04,1227.52
2016-04-05,1205.03
2016-04-06,1169.84
2016-04-07,1160.03
2016-04-08,1154.34
2016-04-09,1095.94
2016-04-10,1110.19
2016-04-11,1186.88
2016-04-12,1145.13
2016-04-13,1175.26
2016-04-14,1186.18
2016-04-15,1196.09
2016-04-16,1127.15
2016-04-17,1000.19
2016-04-18,1139.06
2016-04-19,1126.37
2016-04-20,1160.93
2016-04-21,1098.14
2016-04-22,1095.42
2016-04-23,1113.74
2016-04-24,1010.8
2016-04-25,1080.36
2016-04-26,1179.6
2016-04-27,1091.53
2016-04-28,1147.42
2016-04-29,1062.51
2016-04-30,1087.68
2016-05-01,969.64
2016-05-02,1019.39
2016-05-03,1118.05
2016-05-04,1169.55
2016-05-05,1184.16
2016-05-06,1143
2016-05-07,1077.98
2016-05-08,1040.91
2016-05-09,1052.79
2016-05-10,1045.82
2016-05-11,1062.06
2016-05-12,1104.86
2016-05-13,1100.02
2016-05-14,1064.43
2016-05-15,1072.75
2016-05-16,1047.63
2016-05-17,1098.79
2016-05-18,1156.54
2016-05-19,1142
2016-05-20,1101.34
2016-05-21,1153.83
2016-05-22,993
2016-05-23,1025.37
2016-05-24,1042.87
2016-05-25,1114.66
2016-05-26,1064.08
2016-05-27,1155.93
2016-05-28,1023.17
2016-05-29,979.62
2016-05-30,1018.86
2016-05-31,1020.94
2016-06-01,1098.51
2016-06-02,1090.48
2016-06-03,1110.34
2016-06-04,1030.76
2016-06-05,1019.98
2016-06-06,1060
2016-06-07,1076.45
2016-06-08,1130.88
2016-06-09,1116.58
2016-06-10,1176.85
2016-06-11,1131.93
2016-06-12,1011.25
2016-06-13,1087.46
2016-06-14,1084.72
2016-06-15,1042.4
2016-06-16,1043.96
2016-06-17,1027.05
2016-06-18,1041.29
2016-06-19,982.68
2016-06-20,975.37
2016-06-21,1032.98
2016-06-22,1116.52
2016-06-23,1084.43
2016-06-24,1095.76
2016-06-25,1045.54
2016-06-26,934.66
2016-06-27,955.44
2016-06-28,1092.12
2016-06-29,1030.48
2016-06-30,1133.71
2016-07-01,1120.78
2016-07-02,1076.72
2016-07-03,1001.71
2016-07-04,1073.35
2016-07-05,1078.85
2016-07-06,1112.59
2016-07-07,1164.82
2016-07-08,1113.77
2016-07-09,1079.85
2016-07-10,1034.45
2016-07-11,1055.94
2016-07-12,1172.09
2016-07-13,1113.95
2016-07-14,1077.67
2016-07-15,981.97
2016-07-16,1079.19
2016-07-17,1043.4
2016-07-18,1073.56
2016-07-19,1098.22
2016-07-20,1123.58
2016-07-21,1086.22
2016-07-22,1085.95
2016-07-23,1039.98
2016-07-24,960.41
2016-07-25,969.21
2016-07-26,1120.44
2016-07-27,1033.85
2016-07-28,1086.9
2016-07-29,1050.58
2016-07-30,1094.45
2016-07-31,1028.96
2016-08-01,1064.31
2016-08-02,1083.42
2016-08-03,1111.88
2016-08-04,1050.67
2016-08-05,1094.81
2016-08-06,1124.39
2016-08-07,947.07
2016-08-08,993.25
2016-08-09,1089.94
2016-08-10,1056.98
2016-08-11,1044.37
2016-08-12,1054.38
2016-08-13,1024.76
2016-08-14,1011.69
2016-08-15,984.58
2016-08-16,1024.01
2016-08-17,1016.42
2016-08-18,1080.92
2016-08-19,1088.31
2016-08-20,1015.38
2016-08-21,958.87
2016-08-22,1037.88
2016-08-23,981.81
2016-08-24,998.65
2016-08-25,1035.58
2016-08-26,1104.53
2016-08-27,1061.29
2016-08-28,1021.68
2016-08-29,1057.09
2016-08-30,1056.7
2016-08-31,1033.64
2016-09-01,1070.62
2016-09-02,1033.95
2016-09-03,1026.67
2016-09-04,943.6
2016-09-05,974.19
2016-09-06,1077.74
2016-09-07,1127.48
2016-09-08,1096.01
2016-09-09,1113.52
2016-09-10,1001.96
2016-09-11,939.34
2016-09-12,968.93
2016-09-13,1018.17
2016-09-14,945.1
2016-09-15,959.23
2016-09-16,914.12
2016-09-17,978.59
2016-09-18,967.02
2016-09-19,979.65
2016-09-20,1033.79
2016-09-21,997.96
2016-09-22,1065.39
2016-09-23,1056.45
2016-09-24,1029.56
2016-09-25,913.36
2016-09-26,1005.05
2016-09-27,990.87
2016-09-28,1043.55
2016-09-29,1019.89
2016-09-30,1044.25
2016-10-01,1051.19
2016-10-02,998.76
2016-10-03,1026.57
2016-10-04,1025.28
2016-10-05,1032.29
2016-10-06,1021.41
2016-10-07,1073.94
2016-10-08,1054.91
2016-10-09,986.55
2016-10-10,963.69
2016-10-11,1090.73
2016-10-12,1033.62
2016-10-13,1027.33
2016-10-14,1024.3
2016-10-15,1031.06
2016-10-16,1009.34
2016-10-17,1005.69
2016-10-18,1069.02
2016-10-19,1060.72
2016-10-20,1065.73
2016-10-21,1059.89
2016-10-22,1044.18
2016-10-23,990.26
2016-10-24,1066.6
2016-10-25,1061.69
2016-10-26,1126.11
2016-10-27,1126.87
2016-10-28,1158.82
2016-10-29,1089.49
2016-10-30,1018.1
2016-10-31,1013.79
2016-11-01,1050.87
2016-11-02,1048.1
2016-11-03,1044.75
2016-11-04,1100.61
2016-11-05,1094.33
2016-11-06,1010.76
2016-11-07,1032.23
2016-11-08,1024.46
2016-11-09,1082.48
2016-11-10,1188.72
2016-11-11,1208.86
2016-11-12,1150.45
2016-11-13,1168.15
2016-11-14,1178.06
2016-11-15,1119.51
2016-11-16,1172.23
2016-11-17,1110.02
2016-11-18,1269.79
2016-11-19,1198.88
2016-11-20,1160.04
2016-11-21,1146.72
2016-11-22,1187.97
2016-11-23,1200.66
2016-11-24,1134.27
2016-11-25,1142.05
2016-11-26,1195.65
2016-11-27,1202.2
2016-11-28,1131.46
2016-11-29,1190.72
2016-11-30,1169.12
2016-12-01,1265.05
2016-12-02,1296.8
2016-12-03,1256.57
2016-12-04,1153.93
2016-12-05,1177.17
2016-12-06,1209.19
2016-12-07,1228.09
2016-12-08,1165.69
2016-12-09,1176.81
2016-12-10,1206.68
2016-12-11,1123.88
2016-12-12,1145.18
2016-12-13,1227.24
2016-12-14,1245.18
2016-12-15,1291.77
2016-12-16,1290.54
2016-12-17,1317.53
2016-12-18,1226.47
2016-12-19,1258.21
2016-12-20,1286.63
2016-12-21,1247.01
2016-12-22,1342.63
2016-12-23,1324.65
2016-12-24,1307.15
2016-12-25,1359.76
2016-12-26,1342.99
2016-12-27,1410.68
2016-12-28,1399.12
2016-12-29,1436.29
2016-12-30,1450.78
2016-12-31,1529.19
2017-01-01,1441.71
2017-01-02,1475.06
2017-01-03,1593.76
2017-01-04,1574.43
2017-01-05,1588.13
2017-01-06,1602.46
2017-01-07,1510.98
2017-01-08,1549.96
2017-01-09,1538.01
2017-01-10,1769.83
2017-01-11,1675.84
2017-01-12,1688.64
2017-01-13,1790.43
2017-01-14,1603.7
2017-01-15,1553.23
2017-01-16,1646.13
2017-01-17,1746.89
2017-01-18,1572.88
2017-01-19,1697.13
2017-01-20,1707.35
2017-01-21,1565.48
2017-01-22,1537.75
2017-01-23,1627.1
2017-01-24,1607.38
2017-01-25,1686.27
2017-01-26,1633.47
2017-01-27,1612.73
2017-01-28,1623.39
2017-01-29,1524.32
2017-01-30,1585.46
2017-01-31,1623.48
2017-02-01,1606.82
2017-02-02,1630.72
2017-02-03,1519.19
2017-02-04,1422.55
2017-02-05,1438.65
2017-02-06,1438.96
2017-02-07,1431.9
2017-02-08,1407.54
2017-02-09,1387.92
2017-02-10,1412.77
2017-02-11,1349.15
2017-02-12,1359.11
2017-02-13,1342.54
2017-02-14,1306.79
2017-02-15,1375.99
2017-02-16,1350.1
2017-02-17,1386.46
2017-02-18,1196.84
2017-02-19,1199.97
2017-02-20,1221.91
2017-02-21,1282.31
2017-02-22,1283.99
2017-02-23,1271.4
2017-02-24,1318.38
2017-02-25,1267.64
2017-02-26,1121.13
2017-02-27,1211.51
2017-02-28,1261.15
2017-03-01,1204.19
2017-03-02,1216.52
2017-03-03,1241.05
2017-03-04,1239.57
2017-03-05,1116.8
2017-03-06,1134.88
2017-03-07,1256.02
2017-03-08,1221.33
2017-03-09,1225.84
2017-03-10,1221.39
2017-03-11,1144.53
2017-03-12,1140.3
2017-03-13,1099.65
2017-03-14,1216.82
2017-03-15,1115.96
2017-03-16,1104.51
2017-03-17,1216.18
2017-03-18,1155.72
2017-03-19,1114.83
2017-03-20,1194.52
2017-03-21,1180.84
2017-03-22,1201.39
2017-03-23,1130.5
2017-03-24,1153.59
2017-03-25,1103.1
2017-03-26,1063
2017-03-27,1105.75
2017-03-28,1200.25
2017-03-29,1186.51
2017-03-30,1107.69
2017-03-31,1174
2017-04-01,1168.9
2017-04-02,1055.55
2017-04-03,1110.23
2017-04-04,1147.05
2017-04-05,1117.7
2017-04-06,1203.05
2017-04-07,1104.23
2017-04-08,1150.73
2017-04-09,1082.61
2017-04-10,1143.66
2017-04-11,1216.89
2017-04-12,1202.53
2017-04-13,1088.02
2017-04-14,1117.87
2017-04-15,1058.28
2017-04-16,1078.55
2017-04-17,1060.13
2017-04-18,1107.16
2017-04-19,1105.47
2017-04-20,1115.65
2017-04-21,1168.47
2017-04-22,1099.12
2017-04-23,1078.44
2017-04-24,1131.86
2017-04-25,1174.74
2017-04-26,1142.81
2017-04-27,1095.67
2017-04-28,1086.47
2017-04-29,1129.53
2017-04-30,1032.63
2017-05-01,1000
2017-05-02,1006.68
2017-05-03,1158.19
2017-05-04,1196.73
2017-05-05,1175.71
2017-05-06,1087
2017-05-07,1083.17
2017-05-08,1066.39
2017-05-09,1148.82
2017-05-10,1199.83
2017-05-11,1171.51
2017-05-12,1102.88
2017-05-13,1058.11
2017-05-14,995.42
2017-05-15,1063.52
2017-05-16,1179.76
2017-05-17,1189.7
2017-05-18,1053.2
2017-05-19,1111.05
2017-05-20,1115.12
2017-05-21,963.08
2017-05-22,1073.81
2017-05-23,1158.72
2017-05-24,1175.57
2017-05-25,1171.16
2017-05-26,1125.32
2017-05-27,1078.58
2017-05-28,1051.68
2017-05-29,1078.57
2017-05-30,1077.22
2017-05-31,1056.87
2017-06-01,1008.06
2017-06-02,1040.31
2017-06-03,1024.29
2017-06-04,955.25
2017-06-05,939.15
2017-06-06,983.13
2017-06-07,999.52
2017-06-08,1083.68
2017-06-09,1105.65
2017-06-10,1031.89
2017-06-11,1028.79
2017-06-12,1050.95
2017-06-13,1146.84
2017-06-14,1113.96
2017-06-15,1119.52
2017-06-16,1170.89
2017-06-17,1171.36
2017-06-18,1135.99
2017-06-19,1155.64
2017-06-20,1169.78
2017-06-21,1208.63
2017-06-22,1180.93
2017-06-23,1184.82
2017-06-24,1180.83
2017-06-25,1034.18
2017-06-26,1116.98
2017-06-27,1048.32
2017-06-28,1031.77
2017-06-29,1035.51
2017-06-30,1112.87
2017-07-01,1027.04
2017-07-02,937.66
2017-07-03,1002.53
2017-07-04,1069.8
2017-07-05,1066.18
2017-07-06,1098.64
2017-07-07,1041.34
2017-07-08,1034.72
2017-07-09,955.65
2017-07-10,948.83
2017-07-11,1020.11
2017-07-12,1056.62
2017-07-13,1072.5
2017-07-14,1114.28
2017-07-15,1064.97
2017-07-16,1043.24
2017-07-17,1050.09
2017-07-18,1097.35
2017-07-19,1112.14
2017-07-20,1072.24
2017-07-21,1074.76
2017-07-22,978.16
2017-07-23,978.35
2017-07-24,980.07
2017-07-25,1051.84
2017-07-26,1048.49
2017-07-27,1021.07
2017-07-28,1073.48
2017-07-29,1050.82
2017-07-30,990.41
2017-07-31,1050.17
2017-08-01,1087.37
2017-08-02,1111.66
2017-08-03,1038.28
2017-08-04,1118.06
2017-08-05,1168.06
2017-08-06,1082.09
2017-08-07,1076.77
2017-08-08,1142.7
2017-08-09,1024.24
2017-08-10,1066.77
2017-08-11,1062.87
2017-08-12,995.93
2017-08-13,930.87
2017-08-14,1074.63
2017-08-15,1079.52
2017-08-16,976.76
2017-08-17,990.88
2017-08-18,1073.03
2017-08-19,1020.3
2017-08-20,979.49
2017-08-21,926.04
2017-08-22,1045.14
2017-08-23,1081.57
2017-08-24,1106.29
2017-08-25,1098.53
2017-08-26,1078.53
2017-08-27,994.92
2017-08-28,1031.13
2017-08-29,1067.1
2017-08-30,1013.45
2017-08-31,1032.32
2017-09-01,1011.95
2017-09-02,1004.09
2017-09-03,949.36
2017-09-04,944.89
2017-09-05,992.73
2017-09-06,1042.41
2017-09-07,981.42
2017-09-08,993.45
2017-09-09,965.57
2017-09-10,880.68
2017-09-11,966.56
2017-09-12,997.21
2017-09-13,1008.53
2017-09-14,964.12
2017-09-15,984.49
2017-09-16,966.12
2017-09-17,943.95
2017-09-18,984.23
2017-09-19,1011.67
2017-09-20,1006.25
2017-09-21,1042.28
2017-09-22,1043.85
2017-09-23,1097.03
2017-09-24,1050.03
2017-09-25,1107.94
2017-09-26,1072.55
2017-09-27,1075.14
2017-09-28,1059.32
2017-09-29,1138.83
2017-09-30,1091.45
2017-10-01,1011.82
2017-10-02,1050.18
2017-10-03,1139.25
2017-10-04,1053.8
2017-10-05,1102.45
2017-10-06,1118.56
2017-10-07,1082.95
2017-10-08,999.78
2017-10-09,1008.26
2017-10-10,1047.69
2017-10-11,1068.95
2017-10-12,1100.53
2017-10-13,1071.39
2017-10-14,1066.63
2017-10-15,989.32
2017-10-16,1038.46
2017-10-17,1146.25
2017-10-18,1150.3
2017-10-19,1062.41
2017-10-20,1087.1
2017-10-21,1098.2
2017-10-22,1004.84
2017-10-23,965.28
2017-10-24,1079.94
2017-10-25,1062.28
2017-10-26,1112.7
2017-10-27,1101.91
2017-10-28,1091.06
2017-10-29,999.05
2017-10-30,1067.9
2017-10-31,1106.46
2017-11-01,1129.65
2017-11-02,1080.66
2017-11-03,1150.77
2017-11-04,1061.81
2017-11-05,1027.82
2017-11-06,1060.55
2017-11-07,1056.7
2017-11-08,1166.68
2017-11-09,1091.06
2017-11-10,1059.77
2017-11-11,1179.61
2017-11-12,1163.72
2017-11-13,1083.56
2017-11-14,1191.75
2017-11-15,1152.79
2017-11-16,1189.81
2017-11-17,1213.57
2017-11-18,1239.55
2017-11-19,1157.96
2017-11-20,1152.8
2017-11-21,1164.94
2017-11-22,1222.99
2017-11-23,1174.39
2017-11-24,1255.44
2017-11-25,1222.69
2017-11-26,1168.99
2017-11-27,1087.79
2017-11-28,1237.93
2017-11-29,1253.21
2017-11-30,1205.28
2017-12-01,1228.07
2017-12-02,1218.69
2017-12-03,1165.67
2017-12-04,1226.28
2017-12-05,1265.28
2017-12-06,1218.9
2017-12-07,1215.61
2017-12-08,1277.02
2017-12-09,1238.89
2017-12-10,1286.63
2017-12-11,1370.77
2017-12-12,1291.72
2017-12-13,1347.75
2017-12-14,1358.18
2017-12-15,1404.1
2017-12-16,1375.65
2017-12-17,1295.07
2017-12-18,1284.17
2017-12-19,1361.02
2017-12-20,1401.53
2017-12-21,1437.46
2017-12-22,1475.71
2017-12-23,1462.48
2017-12-24,1349.43
2017-12-25,1383.19
2017-12-26,1488.94
2017-12-27,1569.6
2017-12-28,1513.12
2017-12-29,1585.5
2017-12-30,1527.98
2017-12-31,1494.4
2018-01-01,1550.48
2018-01-02,1576.37
2018-01-03,1608.3
2018-01-04,1712.5
2018-01-05,1748.86
2018-01-06,1645.41
2018-01-07,1539.63
2018-01-08,1647.13
2018-01-09,1636.68
2018-01-10,1650.98
2018-01-11,1512.16
2018-01-12,1675.32
2018-01-13,1558.03
2018-01-14,1464.05
2018-01-15,1556.3
2018-01-16,1550.61
2018-01-17,1729.28
2018-01-18,1589.29
2018-01-19,1686.21
2018-01-20,1542.56
2018-01-21,1471.65
2018-01-22,1517.44
2018-01-23,1593.06
2018-01-24,1540.98
2018-01-25,1595.35
2018-01-26,1540.03
2018-01-27,1377.62
2018-01-28,1312.4
2018-01-29,1424.09
2018-01-30,1480.05
2018-01-31,1453.73
2018-02-01,1508.29
2018-02-02,1469.81
2018-02-03,1407.07
2018-02-04,1348.98
2018-02-05,1473.86
2018-02-06,1349.57
2018-02-07,1515.82
2018-02-08,1540.38
2018-02-09,1458.71
2018-02-10,1473.16
2018-02-11,1379.23
2018-02-12,1451.24
2018-02-13,1470.26
2018-02-14,1462.19
2018-02-15,1513.9
2018-02-16,1556.97
2018-02-17,1469.07
2018-02-18,1346.64
2018-02-19,1348.11
2018-02-20,1424.17
2018-02-21,1446.47
2018-02-22,1405.93
2018-02-23,1466.62
2018-02-24,1418.47
2018-02-25,1322.16
2018-02-26,1418.53
2018-02-27,1381.45
2018-02-28,1415.67
2018-03-01,1481.79
2018-03-02,1402.12
2018-03-03,1351.2
2018-03-04,1319.55
2018-03-05,1331.35
2018-03-06,1385.63
2018-03-07,1340.69
2018-03-08,1340.59
2018-03-09,1353.65
2018-03-10,1320.13
2018-03-11,1289.2
2018-03-12,1298.85
2018-03-13,1348.12
2018-03-14,1324.56
2018-03-15,1327.83
2018-03-16,1290.83
2018-03-17,1273.06
2018-03-18,1135.76
2018-03-19,1139.41
2018-03-20,1254.01
2018-03-21,1315.5
2018-03-22,1265.62
2018-03-23,1289.69
2018-03-24,1302.75
2018-03-25,1189.97
2018-03-26,1265.09
2018-03-27,1285.18
2018-03-28,1307.19
2018-03-29,1290.27
2018-03-30,1261.98
2018-03-31,1131.44
2018-04-01,1183.13
2018-04-02,1225.31
2018-04-03,1218.76
2018-04-04,1254.57
2018-04-05,1281.47
2018-04-06,1241.63
2018-04-07,1244.58
2018-04-08,1139.49
2018-04-09,1166.87
2018-04-10,1241.65
2018-04-11,1218.87
2018-04-12,1274.08
2018-04-13,1233.81
2018-04-14,1206.45
2018-04-15,1155.56
2018-04-16,1124.5
2018-04-17,1240.77
2018-04-18,1168.4
2018-04-19,1303.6
2018-04-20,1180.06
2018-04-21,1109.16
2018-04-22,1138.96
2018-04-23,1104.79
2018-04-24,1119.43
2018-04-25,1188.54
2018-04-26,1144.36
2018-04-27,1213.54
2018-04-28,1117.41
2018-04-29,1003.66
2018-04-30,1013.18
2018-05-01,1079.85
2018-05-02,1002.24
2018-05-03,1124.21
2018-05-04,1067.06
2018-05-05,1104.21
2018-05-06,1074.11
2018-05-07,1132.04
2018-05-08,1191.88
2018-05-09,1073.15
2018-05-10,1152.53
2018-05-11,1102.89
2018-05-12,1086.65
2018-05-13,994.26
2018-05-14,1079.2
2018-05-15,1067.81
2018-05-16,1096.48
2018-05-17,1128.32
2018-05-18,1122.28
2018-05-19,1131.18
2018-05-20,1025.2
2018-05-21,1058.61
2018-05-22,1066.05
2018-05-23,1149.04
2018-05-24,1168.11
2018-05-25,1116.23
2018-05-26,1079.94
2018-05-27,1009.75
2018-05-28,1094.81
2018-05-29,1073.08
2018-05-30,1092.01
2018-05-31,1057.31
2018-06-01,1134.21
2018-06-02,997.46
2018-06-03,1000.12
2018-06-04,959.96
2018-06-05,1104.68
2018-06-06,1012.65
2018-06-07,1052.16
2018-06-08,1037.67
2018-06-09,1103.47
2018-06-10,957.81
2018-06-11,1034.44
2018-06-12,1010.65
2018-06-13,1064.06
2018-06-14,1042.41
2018-06-15,1126.72
2018-06-16,1029.42
2018-06-17,985.91
2018-06-18,1068.51
2018-06-19,1098.62
2018-06-20,1095.61
2018-06-21,1182.71
2018-06-22,1120.59
2018-06-23,1130.25
2018-06-24,1136.43
2018-06-25,1112.08
2018-06-26,1167.91
2018-06-27,1147.27
2018-06-28,1134.91
2018-06-29,1172.36
2018-06-30,1065.11
2018-07-01,1026.56
2018-07-02,1035.05
2018-07-03,1082.26
2018-07-04,1038.49
2018-07-05,1089.06
2018-07-06,1094.98
2018-07-07,1014.07
2018-07-08,1070.03
2018-07-09,1033.38
2018-07-10,1150.14
2018-07-11,1094.41
2018-07-12,1093.09
2018-07-13,1130.79
2018-07-14,1045.85
2018-07-15,973.03
2018-07-16,1010.68
2018-07-17,1098.13
2018-07-18,1048
2018-07-19,1065.73
2018-07-20,1067.83
2018-07-21,1025.53
2018-07-22,939.64
2018-07-23,949.85
2018-07-24,1077.24
2018-07-25,1022.55
2018-07-26,1077.38
2018-07-27,1117.78
2018-07-28,1025.38
2018-07-29,984.72
2018-07-30,977.61
2018-07-31,1029.5
2018-08-01,1088.83
2018-08-02,1143.37
2018-08-03,1152.73
2018-08-04,1204.64
2018-08-05,1217.24
2018-08-06,1248.54
2018-08-07,1248.76
2018-08-08,1152.16
2018-08-09,1123.68
2018-08-10,1172.06
2018-08-11,1071.38
2018-08-12,1084.56
2018-08-13,1050.03
2018-08-14,1088.28
2018-08-15,1048.76
2018-08-16,1071.57
2018-08-17,1085.8
2018-08-18,979.6
2018-08-19,987.04
2018-08-20,936.33
2018-08-21,1100.24
2018-08-22,1033.29
2018-08-23,1084.81
2018-08-24,1097.48
2018-08-25,986.93
2018-08-26,901.01
2018-08-27,1023.67
2018-08-28,1011.57
2018-08-29,1034.99
2018-08-30,963.75
2018-08-31,1012.35
2018-09-01,1015.75
2018-09-02,928.94
2018-09-03,1004.37
2018-09-04,1065.01
2018-09-05,1031
2018-09-06,974.61
2018-09-07,1013.3
2018-09-08,1013.9
2018-09-09,919.26
2018-09-10,941.51
2018-09-11,963.53
2018-09-12,1066.22
2018-09-13,1003.2
2018-09-14,1031.75
2018-09-15,1040.82
2018-09-16,912.01
2018-09-17,1020.64
2018-09-18,1078.91
2018-09-19,1055.05
2018-09-20,1082.63
2018-09-21,1101.07
2018-09-22,1009.17
2018-09-23,954.37
2018-09-24,1040.23
2018-09-25,1042.45
2018-09-26,1114.27
2018-09-27,1058.6
2018-09-28,1074.24
2018-09-29,1064.78
2018-09-30,991.61
2018-10-01,1025.11
2018-10-02,1044.91
2018-10-03,1093.11
2018-10-04,1060.71
2018-10-05,1066.49
2018-10-06,1069.45
2018-10-07,986.65
2018-10-08,968.31
2018-10-09,1090.45
2018-10-10,1133.22
2018-10-11,1083.68
2018-10-12,1142.99
2018-10-13,1095.79
2018-10-14,1032.97
2018-10-15,1008.73
2018-10-16,1066.58
2018-10-17,1129.87
2018-10-18,1109.61
2018-10-19,1094.16
2018-10-20,1056.41
2018-10-21,1030.24
2018-10-22,988.42
2018-10-23,1106.55
2018-10-24,1023.52
2018-10-25,1052.91
2018-10-26,1088.11
2018-10-27,1112.7
2018-10-28,1125.44
2018-10-29,1099.87
2018-10-30,1104.88
2018-10-31,1170.73
2018-11-01,1141.45
2018-11-02,1129.34
2018-11-03,1211.22
2018-11-04,1126.82
2018-11-05,1094.28
2018-11-06,1170.31
2018-11-07,1183.5
2018-11-08,1142.98
2018-11-09,1218.13
2018-11-10,1170.79
2018-11-11,1186.11
2018-11-12,1154.19
2018-11-13,1210.35
2018-11-14,1109.2
2018-11-15,1173.3
2018-11-16,1223.07
2018-11-17,1197.33
2018-11-18,1065.18
2018-11-19,1111.64
2018-11-20,1183.24
2018-11-21,1142.03
2018-11-22,1167.53
2018-11-23,1162.35
2018-11-24,1164.84
2018-11-25,1101.94
2018-11-26,1148.45
2018-11-27,1143.35
2018-11-28,1152.87
2018-11-29,1213.14
2018-11-30,1189.7
2018-12-01,1191.57
2018-12-02,1107.1
2018-12-03,1144.66
2018-12-04,1184.71
2018-12-05,1303.25
2018-12-06,1164.07
2018-12-07,1135.35
2018-12-08,1164.26
2018-12-09,1050.86
2018-12-10,1192.02
2018-12-11,1129.88
2018-12-12,1309.2
2018-12-13,1263.3
2018-12-14,1243.97
2018-12-15,1191.75
2018-12-16,1140.74
2018-12-17,1153
2018-12-18,1209.85
2018-12-19,1231.11
2018-12-20,1293.24
2018-12-21,1222.57
2018-12-22,1269.98
2018-12-23,1237.85
2018-12-24,1194.46
2018-12-25,1189.2
2018-12-26,1244.68
2018-12-27,1308.81
2018-12-28,1342.48
2018-12-29,1307.27
2018-12-30,1230.52
2018-12-31,1181.88
2019-01-01,1253.69
2019-01-02,1328.16
2019-01-03,1383.67
2019-01-04,1402.3
2019-01-05,1402.08
2019-01-06,1327.27
2019-01-07,1387.57
2019-01-08,1418.04
2019-01-09,1568.58
2019-01-10,1468.49
2019-01-11,1420.4
2019-01-12,1493.88
2019-01-13,1445.82
2019-01-14,1453.81
2019-01-15,1530.55
2019-01-16,1622.84
2019-01-17,1485.22
2019-01-18,1543.78
2019-01-19,1587.84
2019-01-20,1427
2019-01-21,1449.33
2019-01-22,1427.34
2019-01-23,1479.44
2019-01-24,1509.96
2019-01-25,1494.68
2019-01-26,1519.25
2019-01-27,1494.45
2019-01-28,1427.18
2019-01-29,1451.27
2019-01-30,1422.94
2019-01-31,1590.05
2019-02-01,1580.3
2019-02-02,1396.58
2019-02-03,1304.17
2019-02-04,1347.77
2019-02-05,1416.77
2019-02-06,1487.27
2019-02-07,1398.03
2019-02-08,1479.07
2019-02-09,1425.04
2019-02-10,1276.45
2019-02-11,1343.99
2019-02-12,1371.67
2019-02-13,1445.58
2019-02-14,1403.96
2019-02-15,1371.53
2019-02-16,1347.5
2019-02-17,1273.15
2019-02-18,1325.86
2019-02-19,1451.81
2019-02-20,1395.32
2019-02-21,1328.13
2019-02-22,1318.65
2019-02-23,1327.58
2019-02-24,1240.31
2019-02-25,1203.45
2019-02-26,1291.09
2019-02-27,1387.7
2019-02-28,1300.28
2019-03-01,1372.86
2019-03-02,1255.81
2019-03-03,1303.93
2019-03-04,1330.17
2019-03-05,1305.05
2019-03-06,1318.68
2019-03-07,1275
2019-03-08,1197.26
2019-03-09,1201.01
2019-03-10,1159.59
2019-03-11,1214.52
2019-03-12,1268.37
2019-03-13,1197.08
2019-03-14,1146.54
2019-03-15,1202.87
2019-03-16,1241.49
2019-03-17,1093.52
2019-03-18,1152.87
2019-03-19,1206.51
2019-03-20,1176.46
2019-03-21,1212.36
2019-03-22,1185.28
2019-03-23,1114.04
2019-03-24,1141.15
2019-03-25,1138.63
2019-03-26,1241.67
2019-03-27,1190.39
2019-03-28,1223.32
2019-03-29,1199.65
2019-03-30,1224.14
2019-03-31,1118.82
2019-04-01,1205.58
2019-04-02,1157.6
2019-04-03,1228.1
2019-04-04,1171.86
2019-04-05,1212.73
2019-04-06,1245.31
2019-04-07,1078.45
2019-04-08,1169.33
2019-04-09,1111.45
2019-04-10,1226.69
2019-04-11,1175.16
2019-04-12,1204.06
2019-04-13,1172.55
2019-04-14,1132.49
2019-04-15,1219.56
2019-04-16,1204.25
2019-04-17,1155.67
2019-04-18,1197.37
2019-04-19,1071.18
2019-04-20,1059.58
2019-04-21,1075.39
2019-04-22,1107.67
2019-04-23,1114.76
2019-04-24,1104.96
2019-04-25,1171.3
2019-04-26,1154.25
2019-04-27,1187.83
2019-04-28,1109.8
2019-04-29,1154.3
2019-04-30,1192.03
2019-05-01,1147.34
2019-05-02,1114.48
2019-05-03,1140.32
2019-05-04,1170.22
2019-05-05,1004.08
2019-05-06,1066.19
2019-05-07,1201.14
2019-05-08,1199.26
2019-05-09,1149.68
2019-05-10,1122.64
2019-05-11,1110.17
2019-05-12,1034.19
2019-05-13,1093.33
2019-05-14,1130.79
2019-05-15,1181.92
2019-05-16,1134.37
2019-05-17,1094.22
2019-05-18,1050.07
2019-05-19,995.12
2019-05-20,1046.14
2019-05-21,1101.83
2019-05-22,1137.96
2019-05-23,1132.15
2019-05-24,1128.27
2019-05-25,1049.37
2019-05-26,1058.58
2019-05-27,1082.59
2019-05-28,1123.44
2019-05-29,1138.87
2019-05-30,1083.57
2019-05-31,1163.43
2019-06-01,1135.76
2019-06-02,1043.49
2019-06-03,1090.03
2019-06-04,1182.79
2019-06-05,1122.6
2019-06-06,1147.09
2019-06-07,1076
2019-06-08,1054.82
2019-06-09,972.64
2019-06-10,992.3
2019-06-11,1043.26
2019-06-12,1013.46
2019-06-13,1014.73
2019-06-14,1101.81
2019-06-15,1082.16
2019-06-16,924.63
2019-06-17,1008.98
2019-06-18,1102.77
2019-06-19,1103.95
2019-06-20,1111.85
2019-06-21,1036.61
2019-06-22,1058.63
2019-06-23,1087.34
2019-06-24,1026.83
2019-06-25,1078.46
2019-06-26,1096.95
2019-06-27,1152.13
2019-06-28,1158.87
2019-06-29,1127.53
2019-06-30,1063.34
2019-07-01,1149.97
2019-07-02,1209.04
2019-07-03,1144.23
2019-07-04,1179.78
2019-07-05,1195.03
2019-07-06,1193.77
2019-07-07,1116.81
2019-07-08,1087.45
2019-07-09,1060.32
2019-07-10,1061.72
2019-07-11,1103.1
2019-07-12,1165.71
2019-07-13,1117.63
2019-07-14,996.69
2019-07-15,1026.3
2019-07-16,1124.81
2019-07-17,1051.99
2019-07-18,1053.2
2019-07-19,1068.9
2019-07-20,1056.63
2019-07-21,1039.06
2019-07-22,1000.13
2019-07-23,1121.11
2019-07-24,1112.48
2019-07-25,1156.01
2019-07-26,1121.65
2019-07-27,1046.44
2019-07-28,1002.65
2019-07-29,1021.97
2019-07-30,1025.55
2019-07-31,1063.84
2019-08-01,1077.77
2019-08-02,1063.85
2019-08-03,1012.05
2019-08-04,968.16
2019-08-05,967.99
2019-08-06,1054.44
2019-08-07,1130.96
2019-08-08,1143.73
2019-08-09,1109.81
2019-08-10,1026.57
2019-08-11,987.9
2019-08-12,965.64
2019-08-13,1040.41
2019-08-14,1025.93
2019-08-15,1089.69
2019-08-16,966.51
2019-08-17,1114.19
2019-08-18,1031.57
2019-08-19,998.32
2019-08-20,1002.84
2019-08-21,1002.19
2019-08-22,1001.74
2019-08-23,1060.51
2019-08-24,996.85
2019-08-25,1004.9
2019-08-26,992.21
2019-08-27,1015.18
2019-08-28,989.24
2019-08-29,1016.34
2019-08-30,1079.91
2019-08-31,1027.58
2019-09-01,874.44
2019-09-02,1002.51
2019-09-03,998.64
2019-09-04,1068.18
2019-09-05,1058.06
2019-09-06,1011.03
2019-09-07,955.52
2019-09-08,958.49
2019-09-09,968
2019-09-10,1048.41
2019-09-11,972.06
2019-09-12,1020.59
2019-09-13,1079.27
2019-09-14,1050.15
2019-09-15,963.98
2019-09-16,985.49
2019-09-17,1071.72
2019-09-18,989.31
2019-09-19,1085.45
2019-09-20,996.57
2019-09-21,1005.58
2019-09-22,982.38
2019-09-23,981.3
2019-09-24,1030.45
2019-09-25,1037.92
2019-09-26,1019.08
2019-09-27,1097.47
2019-09-28,1039
2019-09-29,976.95
2019-09-30,980.37
2019-10-01,1093.93
2019-10-02,1053.19
2019-10-03,1006.41
2019-10-04,1050.8
2019-10-05,998.87
2019-10-06,937.4
2019-10-07,1022.33
2019-10-08,1060.78
2019-10-09,1105.27
2019-10-10,1073.08
2019-10-11,1142.26
2019-10-12,1102.15
2019-10-13,983.08
2019-10-14,1051.97
2019-10-15,1048.75
2019-10-16,1143.18
2019-10-17,1149.26
2019-10-18,1117.31
2019-10-19,1025.16
2019-10-20,986.34
2019-10-21,1041.39
2019-10-22,1193.95
2019-10-23,1073.51
2019-10-24,1133.61
2019-10-25,1092.96
2019-10-26,1127.01
2019-10-27,1024.88
2019-10-28,1087.87
2019-10-29,1139.26
2019-10-30,1072.96
2019-10-31,1120.15
2019-11-01,1179.77
2019-11-02,1175.25
2019-11-03,1067.41
2019-11-04,1131.09
2019-11-05,1150.9
2019-11-06,1077.25
2019-11-07,1068.57
2019-11-08,1176.98
2019-11-09,1130.83
2019-11-10,1094.51
2019-11-11,1095.2
2019-11-12,1177.47
2019-11-13,1207.03
2019-11-14,1237.61
2019-11-15,1176.66
2019-11-16,1176.91
2019-11-17,1140.57
2019-11-18,1125.97
2019-11-19,1238.13
2019-11-20,1252.55
2019-11-21,1210.81
2019-11-22,1260.57
2019-11-23,1238.24
2019-11-24,1076.96
2019-11-25,1179.07
2019-11-26,1274.65
2019-11-27,1231.15
2019-11-28,1264.36
2019-11-29,1269.39
2019-11-30,1174.06
2019-12-01,1123.95
2019-12-02,1134.83
2019-12-03,1217.22
2019-12-04,1181.58
2019-12-05,1181.52
2019-12-06,1175.42
2019-12-07,1120.88
2019-12-08,1145.39
2019-12-09,1169.18
2019-12-10,1161.84
2019-12-11,1249.34
2019-12-12,1243.43
2019-12-13,1318.87
2019-12-14,1196.11
2019-12-15,1192.56
2019-12-16,1182.21
2019-12-17,1183.49
2019-12-18,1266.32
2019-12-19,1218.7
2019-12-20,1347.72
2019-12-21,1271.03
2019-12-22,1158.5
2019-12-23,1212.56
2019-12-24,1262.08
2019-12-25,1204.92
2019-12-26,1176.09
2019-12-27,1271.87
2019-12-28,1216.95
2019-12-29,1194.7
2019-12-30,1185.43
2019-12-31,1217.92
2020-01-01,1234.57
2020-01-02,1295.89
2020-01-03,1297.03
2020-01-04,1317.14
2020-01-05,1270.81
2020-01-06,1239.68
2020-01-07,1255.72
2020-01-08,1414.44
2020-01-09,1352.69
2020-01-10,1456.1
2020-01-11,1424.39
2020-01-12,1343.85
2020-01-13,1338.37
2020-01-14,1423.13
2020-01-15,1431.41
2020-01-16,1418.44
2020-01-17,1567.09
2020-01-18,1457.98
2020-01-19,1368.7
2020-01-20,1306.76
2020-01-21,1471.61
2020-01-22,1468.22
2020-01-23,1437.71
2020-01-24,1488.51
2020-01-25,1416.01
2020-01-26,1373.03
2020-01-27,1418.46
2020-01-28,1436.66
2020-01-29,1480.66
2020-01-30,1481.33
2020-01-31,1485.83
2020-02-01,1387.55
2020-02-02,1350.04
2020-02-03,1364.15
2020-02-04,1379.36
2020-02-05,1374.88
2020-02-06,1350.02
2020-02-07,1352.64
2020-02-08,1264.26
2020-02-09,1216.91
2020-02-10,1219.57
2020-02-11,1307.54
2020-02-12,1308.18
2020-02-13,1364.64
2020-02-14,1265.24
2020-02-15,1284.04
2020-02-16,1133.94
2020-02-17,1192.78
2020-02-18,1201.44
2020-02-19,1154.7
2020-02-20,1254.62
2020-02-21,1232.09
2020-02-22,1243.24
2020-02-23,1152.97
2020-02-24,1211.58
2020-02-25,1192.31
2020-02-26,1195.8
2020-02-27,1300.13
2020-02-28,1200.85
2020-02-29,1221.36
2020-03-01,1121.42
2020-03-02,1192.42
2020-03-03,1228.87
2020-03-04,1224.38
2020-03-05,1256.38
2020-03-06,1253.32
2020-03-07,1225.73
2020-03-08,1198.85
2020-03-09,1174.61
2020-03-10,1290.11
2020-03-11,1366.18
2020-03-12,1360.48
2020-03-13,1475.28
2020-03-14,1457.56
2020-03-15,1471.34
2020-03-16,1508.73
2020-03-17,1606.7
2020-03-18,1695.2
2020-03-19,1815.39
2020-03-20,2055.11
2020-03-21,2167.15
2020-03-22,2207.87
2020-03-23,2512.22
2020-03-24,2760.82
2020-03-25,2889.92
2020-03-26,2832.69
2020-03-27,3076.99
2020-03-28,3040.27
2020-03-29,2884.11
2020-03-30,3025.16
2020-03-31,3209.51
2020-04-01,3144.39
2020-04-02,2986.47
2020-04-03,2968.11
2020-04-04,2669.06
2020-04-05,2737.98
2020-04-06,2653.76
2020-04-07,2739.42
2020-04-08,2603.01
2020-04-09,2393.89
2020-04-10,2350.68
2020-04-11,2230.95
2020-04-12,2124.69
2020-04-13,2092.36
2020-04-14,2052.52
2020-04-15,1961.04
2020-04-16,1835.24
2020-04-17,1880.77
2020-04-18,1775.42
2020-04-19,1641.25
2020-04-20,1602.58
2020-04-21,1709.27
2020-04-22,1491.15
2020-04-23,1442.1
2020-04-24,1533.99
2020-04-25,1438
2020-04-26,1311.46
2020-04-27,1355.2
2020-04-28,1376.33
2020-04-29,1285.86
2020-04-30,1289.49
2020-05-01,1248.81
2020-05-02,1284.49
2020-05-03,1230.74
2020-05-04,1209.49
2020-05-05,1360.41
2020-05-06,1242.31
2020-05-07,1253.97
2020-05-08,1270.37
2020-05-09,1181.37
2020-05-10,1004.75
2020-05-11,1083.39
2020-05-12,1114.25
2020-05-13,1143.12
2020-05-14,1081.99
2020-05-15,1117.7
2020-05-16,1006.31
2020-05-17,1036.48
2020-05-18,998.31
2020-05-19,1055.05
2020-05-20,1121.99
2020-05-21,1137.95
2020-05-22,1217.49
2020-05-23,1096.19
2020-05-24,1098.95
2020-05-25,1078.85
2020-05-26,1090.57
2020-05-27,1117.79
2020-05-28,1099.86
2020-05-29,1132.57
2020-05-30,1133.03
2020-05-31,1030.35
2020-06-01,1058.07
2020-06-02,1071.24
2020-06-03,1052.15
2020-06-04,1075.84
2020-06-05,1027.72
2020-06-06,967.87
2020-06-07,914.07
2020-06-08,938.25
2020-06-09,969.86
2020-06-10,1034.97
2020-06-11,982.77
2020-06-12,1090.18
2020-06-13,973.7
2020-06-14,893.78
2020-06-15,1015.53
2020-06-16,1020.85
2020-06-17,1006.69
2020-06-18,1063.29
2020-06-19,973.99
2020-06-20,1036.37
2020-06-21,979.02
2020-06-22,983.7
2020-06-23,1153.88
2020-06-24,1128.08
2020-06-25,1097.67
2020-06-26,1141.7
2020-06-27,1097.37
2020-06-28,967.96
2020-06-29,1030.5
2020-06-30,1155.07
2020-07-01,1130.67
2020-07-02,1148.04
2020-07-03,1102.91
2020-07-04,1068.24
2020-07-05,1057.94
2020-07-06,1078.47
2020-07-07,1114.99
2020-07-08,1104.68
2020-07-09,1170.55
2020-07-10,1176.42
2020-07-11,1125.41
2020-07-12,1018.13
2020-07-13,1067.07
2020-07-14,1098.03
2020-07-15,1083.71
2020-07-16,1074.06
2020-07-17,1144.42
2020-07-18,1161.18
2020-07-19,1027.62
2020-07-20,1107.58
2020-07-21,1114.52
2020-07-22,1128.71
2020-07-23,1107.14
2020-07-24,1148.54
2020-07-25,1177.88
2020-07-26,1082.06
2020-07-27,1096.99
2020-07-28,1188.6
2020-07-29,1268.11
2020-07-30,1251.81
2020-07-31,1246.53
2020-08-01,1260.69
2020-08-02,1263.37
2020-08-03,1194.72
2020-08-04,1247.39
2020-08-05,1191.99
2020-08-06,1266.74
2020-08-07,1171.22
2020-08-08,1229.37
2020-08-09,1150.93
2020-08-10,1238
2020-08-11,1236.19
2020-08-12,1234.42
2020-08-13,1188.17
2020-08-14,1177.62
2020-08-15,1108.04
2020-08-16,1028.94
2020-08-17,1097.05
2020-08-18,1080.72
2020-08-19,1149.38
2020-08-20,1143.63
2020-08-21,1209.19
2020-08-22,1168.88
2020-08-23,1088.23
2020-08-24,1119.4
2020-08-25,1134.12
2020-08-26,1160.4
2020-08-27,1155.03
2020-08-28,1270.21
2020-08-29,1143.47
2020-08-30,1011.56
2020-08-31,1026.97
2020-09-01,1100.57
2020-09-02,1140.28
2020-09-03,1136.47
2020-09-04,1187.17
2020-09-05,1148.13
2020-09-06,1096.56
2020-09-07,1054.61
2020-09-08,1140.75
2020-09-09,1083.32
2020-09-10,1183.7
2020-09-11,1266.26
2020-09-12,1244.61
2020-09-13,1142.53
2020-09-14,1223.29
2020-09-15,1176.51
2020-09-16,1237.52
2020-09-17,1220.85
2020-09-18,1196.21
2020-09-19,1139.82
2020-09-20,1078.98
2020-09-21,1182.09
2020-09-22,1211.23
2020-09-23,1195.26
2020-09-24,1154.27
2020-09-25,1207.54
2020-09-26,1127.66
2020-09-27,1150.72
2020-09-28,1171.18
2020-09-29,1156.32
2020-09-30,1193.66
2020-10-01,1228.07
2020-10-02,1197.71
2020-10-03,1215.01
2020-10-04,1112.46
2020-10-05,1189.75
2020-10-06,1191.4
2020-10-07,1309.39
2020-10-08,1251.96
2020-10-09,1351.53
2020-10-10,1265.63
2020-10-11,1175.93
2020-10-12,1125.12
2020-10-13,1237.84
2020-10-14,1245.75
2020-10-15,1249.43
2020-10-16,1315.44
2020-10-17,1286.73
2020-10-18,1234.37
2020-10-19,1358.92
2020-10-20,1394.77
2020-10-21,1423.28
2020-10-22,1388.46
2020-10-23,1388.77
2020-10-24,1354.18
2020-10-25,1323.05
2020-10-26,1310.35
2020-10-27,1398.5
2020-10-28,1339.92
2020-10-29,1413.25
2020-10-30,1453.57
2020-10-31,1505.31
2020-11-01,1346.22
2020-11-02,1462.8
2020-11-03,1527.35
2020-11-04,1498.46
2020-11-05,1522.42
2020-11-06,1581.95
2020-11-07,1463.1
2020-11-08,1448.78
2020-11-09,1444.03
2020-11-10,1508.52
2020-11-11,1471.45
2020-11-12,1460.62
2020-11-13,1517.02
2020-11-14,1355.26
2020-11-15,1414.25
2020-11-16,1448.46
2020-11-17,1470.85
2020-11-18,1461.18
2020-11-19,1428.72
2020-11-20,1449.24
2020-11-21,1335.8
2020-11-22,1269.7
2020-11-23,1385.43
2020-11-24,1368.91
2020-11-25,1377.99
2020-11-26,1515.1
2020-11-27,1451.17
2020-11-28,1329.06
2020-11-29,1244.92
2020-11-30,1301.24
2020-12-01,1360.77
2020-12-02,1456.17
2020-12-03,1456
2020-12-04,1441.29
2020-12-05,1365.46
2020-12-06,1322.36
2020-12-07,1286.08
2020-12-08,1355.45
2020-12-09,1396.63
2020-12-10,1446.77
2020-12-11,1474.99
2020-12-12,1355.4
2020-12-13,1320.46
2020-12-14,1377.14
2020-12-15,1408.27
2020-12-16,1337.62
2020-12-17,1300.59
2020-12-18,1433.4
2020-12-19,1311.47
2020-12-20,1300.45
2020-12-21,1255.96
2020-12-22,1336.43
2020-12-23,1397.18
2020-12-24,1299.72
2020-12-25,1317.66
2020-12-26,1274.01
2020-12-27,1264.02
2020-12-28,1342.15
2020-12-29,1356.73
2020-12-30,1404.1
2020-12-31,1418.84
2021-01-01,1354.96
2021-01-02,1380.34
2021-01-03,1348.26
2021-01-04,1406.2
2021-01-05,1429.13
2021-01-06,1464.67
2021-01-07,1489.63
2021-01-08,1580.75
2021-01-09,1643.9
2021-01-10,1537.82
2021-01-11,1631.35
2021-01-12,1731.22
2021-01-13,1658.57
2021-01-14,1779.62
2021-01-15,1780.86
2021-01-16,1770.6
2021-01-17,1653.45
2021-01-18,1814.17
2021-01-19,1843.15
2021-01-20,1899.33
2021-01-21,1962.08
2021-01-22,1989.95
2021-01-23,1812.74
2021-01-24,1820.33
2021-01-25,1850.99
2021-01-26,1874.99
2021-01-27,1948.36
2021-01-28,1889.19
2021-01-29,1803.35
2021-01-30,1799.88
2021-01-31,1666.78
2021-02-01,1775.65
2021-02-02,1756.65
2021-02-03,1718.85
2021-02-04,1689.85
2021-02-05,1660.84
2021-02-06,1627.96
2021-02-07,1503.74
2021-02-08,1489.71
2021-02-09,1584.34
2021-02-10,1627.5
2021-02-11,1484.97
2021-02-12,1592.02
2021-02-13,1422.92
2021-02-14,1324.7
2021-02-15,1371.2
2021-02-16,1425.35
2021-02-17,1426.34
2021-02-18,1482.47
2021-02-19,1392.31
2021-02-20,1298.45
2021-02-21,1233.61
2021-02-22,1310.24
2021-02-23,1340.26
2021-02-24,1351.43
2021-02-25,1322.52
2021-02-26,1306.15
2021-02-27,1294.95
2021-02-28,1221.22
2021-03-01,1187.68
2021-03-02,1297.34
2021-03-03,1312.4
2021-03-04,1217.67
2021-03-05,1228.1
2021-03-06,1222.1
2021-03-07,1132.33
2021-03-08,1187.71
2021-03-09,1261.57
2021-03-10,1173.44
2021-03-11,1222.44
2021-03-12,1241.25
2021-03-13,1247.49
2021-03-14,1075.8
2021-03-15,1227.92
2021-03-16,1209.8
2021-03-17,1181.25
2021-03-18,1197.99
2021-03-19,1173.52
2021-03-20,1130.52
2021-03-21,1093.57
2021-03-22,1140.16
2021-03-23,1203.7
2021-03-24,1208.85
2021-03-25,1248.19
2021-03-26,1278.89
2021-03-27,1157.13
2021-03-28,1093.08
2021-03-29,1174.45
2021-03-30,1244.6
2021-03-31,1264.48
2021-04-01,1189.19
2021-04-02,1166.67
2021-04-03,1193.53
2021-04-04,1066.53
2021-04-05,1214.12
2021-04-06,1192.5
2021-04-07,1228.47
2021-04-08,1129.82
2021-04-09,1233.41
2021-04-10,1168.42
2021-04-11,1054.57
2021-04-12,1165.51
2021-04-13,1097.18
2021-04-14,1210.34
2021-04-15,1189.19
2021-04-16,1198.56
2021-04-17,1124.54
2021-04-18,1079.2
2021-04-19,1172.54
2021-04-20,1172.18
2021-04-21,1183.46
2021-04-22,1199.52
2021-04-23,1199.89
2021-04-24,1158.52
2021-04-25,1071.44
2021-04-26,1052.43
2021-04-27,1180.7
2021-04-28,1236.63
2021-04-29,1187.46
2021-04-30,1152.98
2021-05-01,1105.44
2021-05-02,1046.14
2021-05-03,1096.68
2021-05-04,1109.84
2021-05-05,1195.86
2021-05-06,1193.44
2021-05-07,1224.1
2021-05-08,1229.33
2021-05-09,1147.48
2021-05-10,1123.89
2021-05-11,1100.34
2021-05-12,1138.65
2021-05-13,1129.03
2021-05-14,1170.3
2021-05-15,1121.64
2021-05-16,1033.82
2021-05-17,1090.8
2021-05-18,1119.36
2021-05-19,1103.98
2021-05-20,1133.11
2021-05-21,1159.36
2021-05-22,1056.91
2021-05-23,992.15
2021-05-24,1048.17
2021-05-25,983.95
2021-05-26,1090.51
2021-05-27,1098.26
2021-05-28,1076.39
2021-05-29,1111.56
2021-05-30,1066.6
2021-05-31,1136.44
2021-06-01,1109.65
2021-06-02,1146.74
2021-06-03,1048.79
2021-06-04,1072.86
2021-06-05,994.74
2021-06-06,968.72
2021-06-07,1042.29
2021-06-08,1062.73
2021-06-09,1089.64
2021-06-10,1164.88
2021-06-11,1165.63
2021-06-12,1111.95
2021-06-13,1147.51
2021-06-14,1140.05
2021-06-15,1178.6
2021-06-16,1232.78
2021-06-17,1204.49
2021-06-18,1103.28
2021-06-19,1026.32
2021-06-20,1001.27
2021-06-21,1023.3
2021-06-22,1013.9
2021-06-23,1086.06
2021-06-24,1122.74
2021-06-25,1120.07
2021-06-26,1024.45
2021-06-27,1000.1
2021-06-28,1048.76
2021-06-29,1116.44
2021-06-30,1118.5
2021-07-01,1098.95
2021-07-02,1103.55
2021-07-03,1134.82
2021-07-04,984.18
2021-07-05,1118.32
2021-07-06,1175.68
2021-07-07,1082.97
2021-07-08,1024.05
2021-07-09,1105.04
2021-07-10,1094.44
2021-07-11,1035.14
2021-07-12,1083.09
2021-07-13,1000.48
2021-07-14,1088.83
2021-07-15,1063.96
2021-07-16,1201.57
2021-07-17,1138.77
2021-07-18,1075.26
2021-07-19,1147.29
2021-07-20,1143.52
2021-07-21,1257.18
2021-07-22,1275.86
2021-07-23,1307.79
2021-07-24,1257.99
2021-07-25,1137.35
2021-07-26,1165.49
2021-07-27,1235.84
2021-07-28,1191.24
2021-07-29,1247.06
2021-07-30,1346.22
2021-07-31,1190.67
2021-08-01,1098.4
2021-08-02,1178.84
2021-08-03,1270.46
2021-08-04,1263.54
2021-08-05,1220.84
2021-08-06,1385.33
2021-08-07,1334.57
2021-08-08,1119.17
2021-08-09,1256.78
2021-08-10,1214.23
2021-08-11,1201.2
2021-08-12,1305.54
2021-08-13,1346.1
2021-08-14,1323.18
2021-08-15,1273.64
2021-08-16,1350
2021-08-17,1309.78
2021-08-18,1298.28
2021-08-19,1252.68
2021-08-20,1264.33
2021-08-21,1262.3
2021-08-22,1124.51
2021-08-23,1119.34
2021-08-24,1223.12
2021-08-25,1290.39
2021-08-26,1203.64
2021-08-27,1223.58
2021-08-28,1141.02
2021-08-29,1131.35
2021-08-30,1232.35
2021-08-31,1188.65
2021-09-01,1141.26
2021-09-02,1093.32
2021-09-03,1175.68
2021-09-04,1087.52
2021-09-05,1073.24
2021-09-06,1120.36
2021-09-07,1234.17
2021-09-08,1160.88
2021-09-09,1228.49
2021-09-10,1164.08
2021-09-11,1075.55
2021-09-12,1047.7
2021-09-13,1088.66
2021-09-14,1163.19
2021-09-15,1126.03
2021-09-16,1091.17
2021-09-17,1122.2
2021-09-18,1079.2
2021-09-19,971.6
2021-09-20,1063.5
2021-09-21,1123.14
2021-09-22,1080.52
2021-09-23,1110.35
2021-09-24,1157.93
2021-09-25,1122.81
2021-09-26,942.91
2021-09-27,989.14
2021-09-28,1099.89
2021-09-29,1040.8
2021-09-30,1153.19
2021-10-01,1120.71
2021-10-02,1159.9
2021-10-03,1077.87
2021-10-04,1033.27
2021-10-05,1056.14
2021-10-06,1192.38
2021-10-07,1095.39
2021-10-08,1193.9
2021-10-09,1068.54
2021-10-10,998.22
2021-10-11,1052.44
2021-10-12,1045.72
2021-10-13,1090.63
2021-10-14,1121.19
2021-10-15,1148.92
2021-10-16,1193.73
2021-10-17,1074.32
2021-10-18,1063.34
2021-10-19,1207.98
2021-10-20,1249.41
2021-10-21,1136.35
2021-10-22,1125.3
2021-10-23,1094.72
2021-10-24,975.5
2021-10-25,1084.87
2021-10-26,1183.96
2021-10-27,1146.62
2021-10-28,1195.42
2021-10-29,1199.38
2021-10-30,1260.78
2021-10-31,1237.46
2021-11-01,1104.09
2021-11-02,1104.27
2021-11-03,1103.64
2021-11-04,1140.65
2021-11-05,1193.11
2021-11-06,1195.19
2021-11-07,1074.66
2021-11-08,1207.36
2021-11-09,1364.96
2021-11-10,1311.56
2021-11-11,1263.05
2021-11-12,1279.37
2021-11-13,1234.25
2021-11-14,1180.69
2021-11-15,1239
2021-11-16,1290.72
2021-11-17,1314.96
2021-11-18,1265.11
2021-11-19,1275.66
2021-11-20,1276.95
2021-11-21,1226.81
2021-11-22,1357.28
2021-11-23,1382.56
2021-11-24,1276.56
2021-11-25,1257.73
2021-11-26,1292.4
2021-11-27,1253.86
2021-11-28,1136.89
2021-11-29,1273.59
2021-11-30,1375.23
2021-12-01,1415.73
2021-12-02,1377.17
2021-12-03,1382.02
2021-12-04,1354.05
2021-12-05,1279.94
2021-12-06,1244.48
2021-12-07,1322.33
2021-12-08,1306.09
2021-12-09,1278.06
2021-12-10,1322.47
2021-12-11,1346.08
2021-12-12,1291.42
2021-12-13,1285.16
2021-12-14,1371.21
2021-12-15,1398.59
2021-12-16,1402.29
2021-12-17,1468.64
2021-12-18,1365.09
2021-12-19,1301.48
2021-12-20,1398.72
2021-12-21,1448.64
2021-12-22,1411.34
2021-12-23,1489.03
2021-12-24,1419.85
2021-12-25,1358.01
2021-12-26,1363.29
2021-12-27,1413
2021-12-28,1475.56
2021-12-29,1453.33
2021-12-30,1425.22
2021-12-31,1390.39
2022-01-01,1391.17
2022-01-02,1407.4
2022-01-03,1384.59
2022-01-04,1515.87
2022-01-05,1396.69
2022-01-06,1361.35
2022-01-07,1437.97
2022-01-08,1491.44
2022-01-09,1415.98
2022-01-10,1533.03
2022-01-11,1489.89
2022-01-12,1526.26
2022-01-13,1544.92
2022-01-14,1612.94
2022-01-15,1530.09
2022-01-16,1530.34
2022-01-17,1476.6
2022-01-18,1506.48
2022-01-19,1640.42
2022-01-20,1613.53
2022-01-21,1636.96
2022-01-22,1581.09
2022-01-23,1465.28
2022-01-24,1599.76
2022-01-25,1654.27
2022-01-26,1626.55
2022-01-27,1673.15
2022-01-28,1608.7
2022-01-29,1616.84
2022-01-30,1526.77
2022-01-31,1525.45
2022-02-01,1613.54
2022-02-02,1594.2
2022-02-03,1654.94
2022-02-04,1621.18
2022-02-05,1558.08
2022-02-06,1397.69
2022-02-07,1390.67
2022-02-08,1497.42
2022-02-09,1561.02
2022-02-10,1470.36
2022-02-11,1431.9
2022-02-12,1400.45
2022-02-13,1345.91
2022-02-14,1326.93
2022-02-15,1389.3
2022-02-16,1353.88
2022-02-17,1393.73
2022-02-18,1349.91
2022-02-19,1305.92
2022-02-20,1214.89
2022-02-21,1280.01
2022-02-22,1303.68
2022-02-23,1310.8
2022-02-24,1339.98
2022-02-25,1336.43
2022-02-26,1233.96
2022-02-27,1210.13
2022-02-28,1196.65
2022-03-01,1197.9
2022-03-02,1260.25
2022-03-03,1330.9
2022-03-04,1270.59
2022-03-05,1207.19
2022-03-06,1236.1
2022-03-07,1181.18
2022-03-08,1208.3
2022-03-09,1235.44
2022-03-10,1286.44
2022-03-11,1270.26
2022-03-12,1249.4
2022-03-13,1139.76
2022-03-14,1170.58
2022-03-15,1296.95
2022-03-16,1290.36
2022-03-17,1226.76
2022-03-18,1297.84
2022-03-19,1173.8
2022-03-20,1146.38
2022-03-21,1168.33
2022-03-22,1213.89
2022-03-23,1318.24
2022-03-24,1221.81
2022-03-25,1330.68
2022-03-26,1246.04
2022-03-27,1103.61
2022-03-28,1126.71
2022-03-29,1298.31
2022-03-30,1283.12
2022-03-31,1249.08
2022-04-01,1241.2
2022-04-02,1221.92
2022-04-03,1144.87
2022-04-04,1180.58
2022-04-05,1261.59
2022-04-06,1214.89
2022-04-07,1335.65
2022-04-08,1312.24
2022-04-09,1252.33
2022-04-10,1206.51
2022-04-11,1324.77
2022-04-12,1282.1
2022-04-13,1340.7
2022-04-14,1256.19
2022-04-15,1188.19
2022-04-16,1181.16
2022-04-17,1186.53
2022-04-18,1215.51
2022-04-19,1181.73
2022-04-20,1193.55
2022-04-21,1204.38
2022-04-22,1242.6
2022-04-23,1250.16
2022-04-24,1169.89
2022-04-25,1193.14
2022-04-26,1245.31
2022-04-27,1285.89
2022-04-28,1180.04
2022-04-29,1237.69
2022-04-30,1248.92
2022-05-01,1177.75
2022-05-02,1169.39
2022-05-03,1233.83
2022-05-04,1199.4
2022-05-05,1251.88
2022-05-06,1277.08
2022-05-07,1260.01
2022-05-08,1160.88
2022-05-09,1235.67
2022-05-10,1312.47
2022-05-11,1246.66
2022-05-12,1313.25
2022-05-13,1320.67
2022-05-14,1263.27
2022-05-15,1183.93
2022-05-16,1287.89
2022-05-17,1273
2022-05-18,1351.28
2022-05-19,1295.29
2022-05-20,1298.45
2022-05-21,1285.91
2022-05-22,1170.61
2022-05-23,1230.54
2022-05-24,1279.54
2022-05-25,1112.19
2022-05-26,1200.62
2022-05-27,1200.94
2022-05-28,1144.54
2022-05-29,1096.99
2022-05-30,1086.63
2022-05-31,1203.88
2022-06-01,1254.26
2022-06-02,1231.02
2022-06-03,1202.8
2022-06-04,1151.96
2022-06-05,1049.14
2022-06-06,1042.3
2022-06-07,1203.51
2022-06-08,1218.12
2022-06-09,1254.02
2022-06-10,1240.24
2022-06-11,1201.6
2022-06-12,1063.96
2022-06-13,1178.89
2022-06-14,1283.64
2022-06-15,1278.47
2022-06-16,1419.55
2022-06-17,1418.55
2022-06-18,1504.77
2022-06-19,1307.92
2022-06-20,1301.98
2022-06-21,1242.34
2022-06-22,1323.79
2022-06-23,1247.36
2022-06-24,1237.45
2022-06-25,1198.61
2022-06-26,1077.08
2022-06-27,1195.18
2022-06-28,1213.63
2022-06-29,1353.53
2022-06-30,1253.7
2022-07-01,1240.72
2022-07-02,1244.3
2022-07-03,1213.74
2022-07-04,1289.49
2022-07-05,1308.17
2022-07-06,1337.23
2022-07-07,1343.56
2022-07-08,1303.32
2022-07-09,1304.88
2022-07-10,1260.98
2022-07-11,1342.33
2022-07-12,1449.57
2022-07-13,1423.62
2022-07-14,1451.42
2022-07-15,1156.36
