Fecha;Albania-2015;Albania-2016;Albania-2017;Albania-2018;Albania-2019;Albania-2020;Andorra-2015;Andorra-2016;Andorra-2017;Andorra-2018;Andorra-2019;Andorra-2020;Armenia-2015;Armenia-2016;Armenia-2017;Armenia-2018;Armenia-2019;Armenia-2020;Austria-2015;Austria-2016;Austria-2017;Austria-2018;Austria-2019;Austria-2020;Belgium-2015;Belgium-2016;Belgium-2017;Belgium-2018;Belgium-2019;Belgium-2020;Bulgaria-2015;Bulgaria-2016;Bulgaria-2017;Bulgaria-2018;Bulgaria-2019;Bulgaria-2020;Croatia-2015;Croatia-2016;Croatia-2017;Croatia-2018;Croatia-2019;Croatia-2020;Cyprus-2015;Cyprus-2016;Cyprus-2017;Cyprus-2018;Cyprus-2019;Cyprus-2020;Czechia-2015;Czechia-2016;Czechia-2017;Czechia-2018;Czechia-2019;Czechia-2020;Denmark-2015;Denmark-2016;Denmark-2017;Denmark-2018;Denmark-2019;Denmark-2020;EL-2015;EL-2016;EL-2017;EL-2018;EL-2019;EL-2020;Estonia-2015;Estonia-2016;Estonia-2017;Estonia-2018;Estonia-2019;Estonia-2020;Finland-2015;Finland-2016;Finland-2017;Finland-2018;Finland-2019;Finland-2020;France-2015;France-2016;France-2017;France-2018;France-2019;France-2020;Georgia-2015;Georgia-2016;Georgia-2017;Georgia-2018;Georgia-2019;Georgia-2020;Germany-2015;Germany-2016;Germany-2017;Germany-2018;Germany-2019;Germany-2020;Hungary-2015;Hungary-2016;Hungary-2017;Hungary-2018;Hungary-2019;Hungary-2020;Iceland-2015;Iceland-2016;Iceland-2017;Iceland-2018;Iceland-2019;Iceland-2020;Italy-2015;Italy-2016;Italy-2017;Italy-2018;Italy-2019;Italy-2020;Latvia-2015;Latvia-2016;Latvia-2017;Latvia-2018;Latvia-2019;Latvia-2020;Liechtenstein-2015;Liechtenstein-2016;Liechtenstein-2017;Liechtenstein-2018;Liechtenstein-2019;Liechtenstein-2020;Lithuania-2015;Lithuania-2016;Lithuania-2017;Lithuania-2018;Lithuania-2019;Lithuania-2020;Luxembourg-2015;Luxembourg-2016;Luxembourg-2017;Luxembourg-2018;Luxembourg-2019;Luxembourg-2020;Malta-2015;Malta-2016;Malta-2017;Malta-2018;Malta-2019;Malta-2020;Montenegro-2015;Montenegro-2016;Montenegro-2017;Montenegro-2018;Montenegro-2019;Montenegro-2020;Netherlands-2015;Netherlands-2016;Netherlands-2017;Netherlands-2018;Netherlands-2019;Netherlands-2020;Norway-2015;Norway-2016;Norway-2017;Norway-2018;Norway-2019;Norway-2020;Poland-2015;Poland-2016;Poland-2017;Poland-2018;Poland-2019;Poland-2020;Portugal-2015;Portugal-2016;Portugal-2017;Portugal-2018;Portugal-2019;Portugal-2020;Romania-2015;Romania-2016;Romania-2017;Romania-2018;Romania-2019;Romania-2020;Serbia-2015;Serbia-2016;Serbia-2017;Serbia-2018;Serbia-2019;Serbia-2020;Slovakia-2015;Slovakia-2016;Slovakia-2017;Slovakia-2018;Slovakia-2019;Slovakia-2020;Slovenia-2015;Slovenia-2016;Slovenia-2017;Slovenia-2018;Slovenia-2019;Slovenia-2020;Spain-2015;Spain-2016;Spain-2017;Spain-2018;Spain-2019;Spain-2020;Sweden-2015;Sweden-2016;Sweden-2017;Sweden-2018;Sweden-2019;Sweden-2020;Switzerland-2015;Switzerland-2016;Switzerland-2017;Switzerland-2018;Switzerland-2019;Switzerland-2020;UK-2015;UK-2016;UK-2017;UK-2018;UK-2019;UK-2020
2020-01-01;331;521;794;510;507;488;3;5;9;11;5;-100;249;340;215;171;114;252;1704;1634;2293;1767;1648;1611;2461;2244;2557;2382;2308;2226;2502;2445;3169;2274;2533;2108;1177;1115;1465;1128;1154;1012;126;113;155;127;132;141;2378;2222;2763;2143;2321;2305;1127;1103;1113;1134;1130;1117;2645;2637;3425;2533;2706;2748;354;322;364;328;351;296;1083;1184;1273;1072;1214;1046;12986;12183;15777;14389;13084;12973;1011;1079;1404;1036;1228;1049;-100;18467;20918;19342;18686;18900;2800;2823;3155;2595;3054;2609;49;44;35;62;39;57;;13517;18072;16245;14168;13313;617;684;606;567;586;597;12;11;7;4;5;3;844;845;958;826;842;808;81;75;95;85;98;63;85;86;103;108;99;93;142;126;191;155;141;86;3259;3175;3570;3344;3064;3103;937;870;1006;938;872;862;7984;8215;9279;8372;8668;8438;2813;2321;3366;2851;2621;2498;5803;5770;6940;5333;5784;5262;2338;2324;3184;2005;2217;2045;1112;1072;1411;1094;1105;1111;408;451;479;401;469;419;9605;8658;10726;11204;9127;8905;1927;1860;2149;1998;1943;1821;1423;1340;1678;1561;1341;1311;13463;14841;13589;14668;12387;13744
2020-01-08;584;443;798;482;563;536;5;8;14;8;6;-100;185;981;1114;836;497;693;1768;1626;2340;1842;1710;1702;2525;2234;2735;2317;2347;2381;2511;2281;3222;2166;2692;2274;1254;1032;1621;1165;1220;1055;137;122;176;120;158;153;2432;2054;2811;2126;2290;2318;1108;1065;1111;1136;1155;1149;3013;2638;3680;2453;3105;2920;340;334;393;319;338;331;1158;1192;1334;1091;1125;1068;13364;12247;15953;13866;13610;13429;1036;1119;1249;910;1153;981;-100;18439;22070;18770;19170;19428;3005;2640;3311;2546;3090;2586;42;56;53;47;41;55;15811;13055;18990;15947;14863;13809;608;649;616;555;669;587;4;4;4;4;3;3;827;896;979;788;878;800;87;81;123;100;82;87;93;69;98;74;87;93;140;129;203;127;152;116;3430;3077;3637;3363;3261;3365;977;864;1048;872;828;950;7754;7920;10225;8078;8586;8239;3054;2332;2967;2803;2884;2654;5848;5345;6977;5201;6136;5323;2450;2086;3381;1984;2227;2108;1187;948;1410;1150;1094;1105;407;439;536;411;488;426;10415;8671;11414;10905;10019;9617;1966;1914;2122;1941;1820;1889;1494;1243;1731;1541;1389;1360;18270;13126;15496;17381;14442;15988
2020-01-15;493;485;688;491;529;461;6;7;9;7;4;-100;1094;771;736;613;577;635;1837;1608;2060;1786;1642;1797;2526;2295;2645;2336;2312;2306;2423;2276;2814;2374;2756;2181;1276;1074;1475;1203;1238;1015;155;122;151;103;156;160;2396;2175;2833;2230;2311;2243;1093;1046;1099;1156;1118;1071;3053;2601;3364;2345;3039;2863;294;301;386;290;383;316;1151;1249;1209;1082;1171;1059;13006;12403;14956;13429;13497;12829;1038;1094;1113;971;1117;1060;-100;18627;21236;19187;19163;19178;2900;2562;3449;2675;3037;2582;44;51;46;41;40;52;15480;13545;17973;15234;15325;13904;622;634;631;598;669;538;4;11;5;10;2;5;905;936;970;879;910;787;80;85;107;84;81;90;93;82;117;86;116;107;148;126;189;153;142;144;3378;3063;3491;3365;3153;3157;913;939;928;945;811;836;7800;7683;9875;8639;8700;8056;3167;2456;2880;2805;2985;2762;5602;5389;6482;5500;6256;5387;2238;2075;2992;2201;2147;2243;1210;1026;1390;1198;1176;1086;453;411;586;398;481;429;10738;8791;11334;10981;10473;10111;1935;1958;2060;1945;1839;1828;1524;1323;1746;1494;1358;1409;16703;13039;15206;16313;13512;14696
2020-01-22;635;441;605;472;555;503;5;5;13;10;8;-100;661;564;664;592;597;611;1792;1578;1938;1714;1714;1780;2510;2263;2691;2253;2395;2197;2339;2367;2627;2360;2848;2391;1231;1114;1369;1137;1319;1132;154;125;161;131;156;155;2499;2116;2761;2190;2365;2334;1068;1124;1104;1119;1085;1032;3065;2652;3082;2548;2860;2773;321;335;360;338;324;300;1040;1185;1146;1130;1134;1038;12830;12065;15033;12695;13930;12580;1026;1050;1068;971;1022;1026;-100;18707;22083;19171;19505;18936;3005;2615;3574;2655;3234;2720;48;35;53;50;37;55;14922;13388;16487;14698;15360;13861;618;670;567;606;612;553;4;5;8;6;5;8;853;906;953;862;982;784;94;83;101;85;83;87;72;71;107;82;105;88;128;155;146;119;171;131;3353;3201;3627;3323;3180;3046;930;937;866;857;834;862;7559;7977;9946;8793;8798;8015;3088;2332;2995;2693;3021;2662;5508;5514;6304;5490;6259;5301;2249;2095;2632;2110;2286;2304;1235;982;1355;1095;1135;1105;449;457;569;425;477;454;10625;8491;11068;10324;10141;9610;1946;2006;1910;1928;1828;1730;1480;1351;1657;1397;1403;1412;15688;12869;14446;15928;13247;13402
2020-01-29;542;484;496;512;525;480;6;3;5;9;11;-100;560;663;618;542;580;579;1837;1609;2045;1870;1733;1947;2644;2180;2950;2355;2421;2355;2338;2304;2525;2564;2573;2434;1215;1024;1304;1146;1286;1094;145;136;160;139;152;163;2580;2137;2598;2216;2497;2367;1086;1083;1211;1157;1209;1094;2778;2649;3002;2605;2893;2990;329;319;392;333;325;309;1062;1183;1116;1186;1141;1074;13497;11963;14514;12409;14199;12779;991;1187;1038;964;1064;1032;-100;18493;23640;19558;19812;19795;3067;2483;3616;2731;3384;2800;44;46;48;47;43;39;15228;12997;15747;14551;15807;13790;624;551;630;587;636;550;6;3;5;3;4;1;881;913;958;911;895;762;100;79;110;96;101;88;84;73;94;77;102;77;134;123;173;136;169;139;3324;3105;3574;3405;3144;3163;911;881;914;881;889;815;7963;7970;10076;8987;9362;8557;2909;2271;2736;2619;2899;2678;5560;5427;6066;5808;6215;5386;2210;2096;2527;2320;2515;2386;1292;1045;1339;1205;1224;1156;432;434;599;457;515;474;11046;8461;10636;9893;9964;9650;1975;1909;1883;1854;1812;1847;1590;1345;1564;1397;1439;1420;14536;12546;14168;15059;12767;13106
2020-02-05;530;444;460;456;524;472;10;4;5;9;5;-100;615;637;619;592;555;590;1926;1650;1874;1938;1797;1682;2727;2127;2691;2353;2544;2163;2296;2225;2347;2456;2245;2346;1287;1063;1164;1154;1133;1058;157;132;175;164;160;149;2598;2245;2640;2404;2445;2353;1118;1040;1100;1186;1250;1079;2665;2594;2790;2557;2772;2848;332;353;351;343;325;276;1061;1167;1105;1110;1170;1115;14185;12059;13650;12950;14313;12655;994;1108;1047;948;963;1002;-100;18541;22744;20086;19981;19026;3350;2640;3256;2833;3263;2634;57;45;55;46;36;47;15640;13168;14081;13844;15228;13424;573;557;623;568;619;532;5;5;3;6;5;8;873;891;923;957;854;764;100;72;92;115;106;90;78;102;84;85;87;90;141;124;143;115;142;150;3271;3036;3446;3514;3186;3194;898;852;823;904;843;799;8166;8145;9432;9088;9269;8342;2869;2351;2453;2783;2779;2476;5688;5203;5725;5668;5734;5399;2183;2038;2143;2404;2428;2259;1226;1041;1202;1159;1339;1101;420;426;523;419;507;447;10682;8556;9660;10015;9676;9403;1868;1837;1881;1983;1882;1728;1656;1340;1592;1441;1481;1388;13701;12676;13788;14078;13186;12508
2020-02-12;489;471;442;533;434;500;1;6;4;8;8;-100;511;584;598;566;557;595;1992;1621;1750;1881;1820;1721;2892;2121;2631;2565;2409;2302;2341;2100;2352;2380;2300;2303;1306;989;1118;1157;1126;1090;134;136;169;110;142;106;2732;2160;2492;2602;2509;2390;1106;1062;1228;1265;1176;1058;2551;2436;2675;2469;2563;2782;324;276;344;347;317;322;1094;1047;1122;1143;1089;1098;14913;11846;12848;12894;13843;12505;1048;1094;1055;993;910;999;-100;18483;22683;21254;20150;19636;3280;2575;2991;3037;3034;2750;50;39;56;44;47;49;15510;12685;13852;14034;15072;13517;623;581;637;589;599;544;6;3;5;4;7;10;921;836;877;947;800;809;92;85;86;111;112;69;93;63;77;99;78;72;126;122;120;131;140;130;3309;3030;3418;3661;3253;3199;866;826;845;927;914;858;8873;7928;9221;9128;9241;8622;2977;2345;2369;2815;2711;2274;5815;5264;5721;5838;5497;5361;2339;2058;2180;2502;2371;2240;1275;1051;1224;1140;1252;1177;459;421;466;490;474;499;10857;8479;9017;10105;9357;8989;2001;1838;2010;2024;1764;1825;1805;1313;1402;1458;1555;1379;13486;11988;13202;13891;13319;12392
2020-02-19;534;428;472;488;520;466;6;8;13;3;9;-100;616;556;638;562;567;575;2020;1581;1807;1951;1752;1718;2774;2230;2389;2628;2418;2293;2538;2095;2312;2234;2264;2160;1301;980;1072;1134;1093;1046;129;92;143;151;135;143;2684;2214;2357;2754;2496;2346;1131;1124;1156;1260;1110;1034;2690;2215;2523;2493;2660;2468;332;313;337;389;322;334;1073;1049;1122;1173;1058;1091;14550;11753;12231;13383;13735;12095;1078;1003;1021;941;983;982;-100;18475;22266;22888;20349;18940;3349;2491;2890;3161;2888;2586;47;40;46;57;41;48;15149;12709;13290;14026;14674;13181;596;565;695;671;596;545;4;7;1;7;8;6;918;862;905;965;831;707;115;65;71;112;89;85;100;57;89;107;88;73;162;116;133;150;170;141;3383;3319;3328;3692;3223;2959;931;764;898;917;828;813;8985;7861;9053;9333;8717;8471;2684;2296;2237;2777;2546;2356;6281;5186;5593;5859;5344;5194;2377;1924;2214;2416;2359;2195;1266;1023;1115;1292;1254;1085;446;406;459;476;480;439;10580;8670;8670;9656;9210;8512;2107;1845;2069;2116;1820;1777;1772;1380;1383;1478;1527;1367;13038;12689;13325;13725;12845;12273
2020-02-26;581;469;425;527;500;511;6;3;11;7;6;-100;628;464;583;500;548;609;1883;1714;1696;2021;1767;1768;2643;2336;2315;3002;2428;2237;2559;1959;2138;2471;2275;2179;1239;987;1104;1225;1031;1021;143;116;139;141;141;135;2609;2235;2353;2819;2313;2356;1177;1143;1179;1323;1090;1025;2790;2139;2399;2610;2769;2545;324;317;304;391;331;314;1126;1075;1082;1248;1069;1050;13820;12252;11960;14473;13363;12277;1084;1028;1009;918;981;993;-100;18926;20930;25535;20790;19483;3120;2535;2668;3237;2909;2782;47;39;35;50;47;43;14544;12772;13148;14406;14605;13613;607;608;652;707;572;447;6;5;7;4;5;5;922;826;828;964;783;806;88;82;67;111;90;74;95;53;63;90;107;68;155;130;134;158;129;118;3210;3185;3152;3936;3066;3098;925;873;863;907;820;838;9068;8002;8388;9864;8620;8469;2699;2391;2129;2656;2441;2299;6139;5114;5398;6111;5508;5318;2405;1999;2108;2483;2333;2065;1235;1003;1159;1353;1208;1149;449;427;439;512;471;430;10058;8645;8371;9599;8919;8002;2076;1861;1989;2187;1772;1778;1729;1320;1395;1636;1527;1345;13154;12710;12810;12156;12451;12310
2020-03-04;479;413;406;478;484;469;7;10;8;8;3;-100;578;511;549;404;506;590;1846;1532;1614;1965;1812;1744;2457;2264;2138;3016;2389;2212;2472;2088;2230;2382;2166;2045;1215;1047;983;1266;1130;1056;141;89;136;129;130;113;2357;2096;2225;2994;2383;2291;1210;1149;1101;1337;1051;1061;2629;2248;2405;2532;2519;2644;355;293;328;391;305;293;1134;1023;1048;1223;1084;1106;13153;12158;11699;14595;12709;12404;1115;956;1009;912;954;959;-100;18888;19102;26777;20453;19638;2962;2496;2671;3218;2713;2605;41;51;40;43;47;49;14211;12845;12917;14197;13827;14632;605;582;641;699;575;481;12;5;5;10;3;6;911;820;790;903;783;773;112;91;89;135;83;91;75;64;78;91;88;70;163;123;115;144;149;141;3222;3154;3053;4096;3173;3106;975;762;822;950;833;799;8839;7859;7967;10094;8388;8361;2447;2380;2149;2387;2329;2174;5909;4903;5133;6152;5498;5164;2266;1917;2021;2342;2111;2030;1164;1009;1002;1357;1200;1130;384;416;369;465;411;422;9421;8653;8213;9203;8588;8656;2041;1810;1830;2204;1690;1826;1549;1355;1348;1532;1452;1354;12998;12479;12577;14836;12367;12395
2020-03-11;444;414;391;495;428;437;8;5;9;7;7;-100;603;530;619;658;590;548;1763;1516;1542;1946;1792;1718;2380;2248;2036;2724;2335;2225;2441;2100;2117;2239;2123;2072;1208;1034;1035;1165;1018;1083;151;108;117;106;136;126;2291;2155;2164;2782;2262;2303;1184;1159;1132;1253;1063;1066;2547;2255;2444;2415;2470;2594;341;303;296;384;294;341;1046;1041;1021;1251;1154;1105;12511;12309;11254;13387;11976;12805;1095;958;998;1008;919;898;-100;18971;18665;24385;19795;19876;2777;2438;2582;3016;2733;2577;46;44;42;37;57;42;13846;12887;12783;13306;13344;18156;600;604;567;664;533;513;7;6;9;6;6;3;896;826;763;858;754;773;84;86;75;85;78;91;95;60;60;77;72;90;122;118;115;126;121;113;3090;3063;2845;3733;3228;3219;836;798;804;867;836;825;8850;7824;7709;9472;8183;8404;2314;2288;2151;2371;2258;2343;5824;5115;5079;5734;5445;5075;2180;1980;1988;2180;2057;1947;1186;1032;1016;1165;1110;1119;453;411;397;479;457;434;8785;8811;7906;8862;8202;9289;1932;1800;1849;2089;1829;1730;1541;1278;1262;1482;1379;1387;12454;12457;12076;14335;11978;12519
2020-03-18;460;457;450;492;427;411;9;10;7;10;4;-100;618;548;588;493;571;524;1696;1499;1535;1641;1621;1836;2380;2364;2106;2594;2167;2551;2363;2020;2115;2164;2148;2037;1232;1008;1038;1072;970;1094;119;107;149;124;114;137;2273;2148;2103;2607;2198;2322;1086;1074;1126;1286;1039;1140;2457;2185;2458;2330;2391;2547;331;263;304;361;300;312;1015;1097;1063;1216;1047;1122;12114;12111;10996;12932;11813;14198;1034;1056;954;1009;947;898;-100;18826;17640;22777;19016;19732;2764;2481;2584;2878;2469;2801;45;42;48;36;37;39;13455;12525;12602;12417;12655;21834;565;577;614;706;557;566;5;6;4;12;6;5;909;766;765;802;780;802;73;91;89;94;83;89;81;66;71;76;87;104;140;144;130;126;116;125;3052;3030;2780;3435;3043;3615;785;802;788;905;805;808;8640;8014;7637;9061;8025;8320;2284;2271;2074;2234;2199;2431;5844;5090;5034;5427;5359;5007;2186;1919;1967;2103;2015;2039;1102;1026;1092;1111;1068;1186;417;388;418;443;426;442;8379;8291;7875;8616;8022;12679;1874;1795;1692;1997;1632;1865;1435;1294;1239;1380;1351;1526;12010;10943;11819;13364;11759;12093
2020-03-25;460;404;372;427;432;453;4;3;9;5;2;-100;683;531;529;508;567;393;1725;1598;1489;1766;1653;1765;2270;2273;2068;2460;2063;3186;2377;2106;2098;2057;2081;2078;1085;1086;969;1061;987;1122;108;118;105;109;124;135;2222;2191;2075;2383;2124;2293;1093;1084;1041;1186;1022;1112;2376;2259;2253;2365;2332;2439;317;323;322;326;296;328;1013;1103;980;1154;1071;1108;11905;12212;11009;12718;11580;16431;1053;993;921;884;931;814;-100;18617;17731;20906;18562;19696;2690;2537;2546;2774;2411;2591;42;43;48;55;48;42;13126;12725;12300;12793;12486;23354;555;606;570;687;562;529;5;2;5;6;4;7;859;824;771;800;678;815;88;82;99;70;92;112;76;57;74;56;75;80;106;115;114;135;114;148;3085;3038;2853;3225;3014;4459;795;759;756;807;790;855;8535;8025;7684;8689;7795;8145;2083;2214;2015;2356;2135;2536;5865;5225;4955;5465;4922;5154;2219;2017;1826;2064;1910;2064;1088;999;1017;1128;1025;1052;460;441;413;431;381;388;8366;8375;7827;8628;8169;19223;1930;1778;1782;1948;1665;2040;1293;1269;1183;1348;1322;1618;11969;11723;11434;11282;11245;12496
2020-04-01;417;401;367;447;407;451;3;3;9;5;8;-100;576;518;570;457;497;448;1604;1562;1537;1617;1607;1828;2163;2080;1969;2203;2183;4020;2266;2123;2079;2075;2114;2034;1137;1003;995;1065;1032;1009;112;123;125;124;115;138;2209;2138;2069;2262;2131;2320;1044;1023;988;1138;1085;1156;2390;2275;2363;2341;2413;2455;304;312;286;337;257;312;1070;980;1059;1243;1032;1108;11361;11826;10880;12263;11725;19044;1000;967;1016;913;939;817;-100;18244;17028;20038;18671;20640;2639;2456;2422;2622;2414;2525;41;48;35;55;38;50;12832;12291;11848;12404;12714;20791;565;575;602;648;523;561;5;4;5;7;3;7;849;790;757;856;726;774;91;78;97;75;77;90;69;68;68;79;75;75;137;136;140;151;117;117;2844;3011;2764;3041;2900;5084;786;802;809;820;782;832;8449;7614;7366;8571;7783;7987;2179;2225;2071;2354;2097;2650;5432;5224;4876;5300;5186;5155;2131;2049;1955;2064;1967;2083;1037;1017;989;1051;986;1080;444;373;357;421;412;381;8282;7998;7814;8414;8081;20658;1834;1705;1794;1988;1698;2383;1302;1242;1234;1339;1382;1873;10294;13046;11287;12247;11406;18539
2020-04-08;446;380;377;394;375;451;5;6;5;10;7;-100;585;559;583;465;530;496;1563;1520;1532;1560;1557;1793;2218;2160;1954;2175;1969;4283;2268;1927;2025;2061;2092;2023;1078;966;970;1007;958;999;122;109;97;123;112;106;2111;2075;1994;2257;2145;2239;1081;1071;1009;1164;1018;1144;2408;2227;2363;2349;2312;2362;311;307;293;319;290;316;1075;1010;998;1096;1058;1180;11453;11456;10872;11930;11254;17779;986;932;925;966;960;786;-100;17712;16901;19165;17852;20501;2612;2318;2492;2576;2393;2572;39;47;43;51;42;49;12811;11822;12084;12140;12107;18822;600;566;553;606;552;491;2;6;2;5;7;6;867;804;761;790;723;802;75;70;63;80;70;116;74;58;70;63;68;77;114;107;127;127;120;122;2888;2773;2809;2862;2901;4980;795;773;776;827;757;840;8154;7510;7441;8216;7699;7991;1933;2166;2033;2276;2132;2603;5425;4758;5030;5236;5094;5208;2060;1828;1944;1951;1974;2116;1090;971;1024;1070;1073;1002;423;339;348;390;344;423;7894;7859;7800;8335;8049;17230;1849;1773;1719;1782;1612;2569;1229;1224;1201;1300;1222;1642;11553;12732;9747;13810;11622;20905
2020-04-15;454;403;397;447;388;375;8;4;4;3;8;-100;598;526;545;509;491;521;1614;1413;1475;1557;1559;1704;2152;2049;1917;2044;2095;3699;2243;1945;2116;1991;2036;2020;1026;931;996;947;914;975;113;90;123;120;125;119;2183;1949;2043;2061;2094;2124;1052;1010;967;1052;1046;1078;2426;2100;2367;2319;2220;2267;297;298;285;318;299;313;1039;1062;1055;1110;1023;1094;11094;10923;10916;11822;11547;15653;1060;975;995;870;938;875;-100;16775;16637;17992;18089;19275;2612;2349;2527;2336;2327;2509;47;53;51;45;47;60;12781;11594;11553;11917;12167;16661;570;544;554;582;509;573;2;7;2;5;9;1;890;793;749;785;709;783;80;71;83;83;78;89;65;58;69;68;75;93;121;111;116;100;139;113;2896;2754;2713;2760;3040;4305;777;756;758;778;761;815;7974;7107;7475;7748;7730;8179;1937;1989;1825;2197;2096;2382;5571;4860;5223;4774;4783;5100;2239;1886;2059;1775;1907;2031;1078;1010;1008;944;984;957;420;399;385;390;402;433;7855;7589;7574;8112;7802;13136;1844;1771;1768;1687;1736;2525;1284;1139;1181;1229;1308;1568;13027;12280;10997;12619;10220;24659
2020-04-22;477;357;412;425;394;409;7;7;3;3;2;-100;407;523;515;504;453;458;1547;1460;1440;1383;1521;1588;2087;1996;2079;1953;2046;3033;2138;1964;2036;2076;2051;1976;1041;940;1025;1028;1033;867;128;95;120;120;126;116;2193;2114;2051;2090;2103;2030;934;985;974;1008;1015;1086;2240;2081;2325;2175;2403;2202;302;295;267;276;286;326;1074;971;1002;1027;1000;1142;10986;10963;11242;11061;11500;13039;1012;896;931;959;992;845;-100;17053;17634;17093;17894;18545;2598;2364;2480;2300;2442;2356;41;49;38;41;53;35;12046;11420;11972;11742;11895;14653;580;537;534;517;564;533;5;3;5;3;6;5;791;773;778;701;773;785;72;63;90;64;82;84;56;54;62;68;64;56;138;112;122;125;123;101;2835;2747;2775;2665;2959;3907;749;755;816;781;800;775;7797;7157;7466;7584;8082;7737;1816;2025;1902;2117;2084;2304;5282;4700;4892;4868;4860;5059;2103;1865;1985;1814;1960;1846;1062;988;1023;906;1065;976;388;351;371;400;388;391;7802;7462;7661;7735;7754;10346;1764;1604;1772;1639;1698;2267;1215;1175;1223;1147;1233;1367;11988;11771;12340;11567;11424;24272
2020-04-29;400;429;387;410;423;429;7;2;4;1;4;-100;593;502;574;484;482;507;1453;1447;1527;1434;1464;1480;2005;2087;2091;1867;2011;2412;2163;2036;1952;1934;1980;1892;1019;1005;999;878;947;909;118;102;104;117;134;116;2041;1982;2041;2022;2051;2108;996;1042;1059;1010;1067;1048;2287;2246;2265;2226;2360;2306;265;304;308;269;301;308;1021;977;1078;1023;1090;1131;10798;11097;11096;10915;11095;11527;996;938;962;929;960;871;-100;16901;17129;16789;17090;17901;2467;2279;2479;2294;2316;2249;41;37;46;32;45;44;11946;11595;12050;11060;11522;13082;516;520;560;502;455;533;5;5;6;7;5;7;783;767;742;739;714;769;61;76;74;67;81;69;63;57;66;73;72;74;108;125;105;130;136;112;2678;2753;2772;2645;2808;3379;686;748;745;756;773;752;7483;7399;7385;7373;7485;7757;1819;1954;2011;2012;2081;2157;5053;4918;4939;4675;5023;4825;2058;1833;1926;1814;1841;1803;980;1019;955;963;979;967;387;367;355;345;367;355;7365;7606;7520;7359;7742;8835;1656;1619;1696;1661;1613;2239;1275;1172;1210;1226;1256;1246;11560;10276;10360;11507;12665;20036
2020-05-06;415;372;369;338;403;431;5;11;4;3;3;-100;566;485;434;503;503;515;1452;1486;1434;1372;1456;1520;2063;2065;2009;1980;2034;2381;2113;2044;1983;1887;2120;1912;1011;912;925;935;958;877;106;99;110;99;101;104;1988;2001;2074;1958;2093;1994;978;1023;1015;1025;1028;1027;2327;2209;2159;1980;2323;2126;278;299;319;268;274;316;1009;949;1047;980;971;1073;10702;10931;10941;10577;11269;11303;912;957;810;872;930;862;-100;17629;17343;17226;17118;17623;2420;2370;2340;2160;2283;2291;37;39;45;43;44;37;12177;11422;11859;11030;11699;12539;513;545;549;554;545;578;4;6;2;1;2;6;796;757;793;777;691;717;68;68;73;77;66;89;54;67;67;68;70;71;98;119;93;127;110;95;2742;2955;2802;2644;2774;2986;729;711;733;738;772;741;7324;7229;7060;7311;7502;7577;1941;1849;1846;1970;1988;2160;4822;4854;4665;4540;4696;4802;1945;1900;1889;1717;1837;1758;958;988;919;952;955;1001;362;358;358;367;358;380;7464;7374;7622;7595;7726;8595;1661;1586;1724;1572;1643;2182;1161;1149;1204;1200;1266;1175;10099;11975;12096;9795;10341;14407
2020-05-13;377;360;366;384;367;423;3;2;3;7;5;-100;598;510;562;481;578;559;1461;1453;1501;1342;1558;1489;1976;1926;2110;1860;2034;2040;1987;1989;1977;1920;1980;2083;926;987;931;919;943;908;92;95;97;90;110;138;1983;1964;1974;1962;2025;2030;921;935;1022;1012;974;951;2015;2121;2030;2112;2268;2473;333;288;292;300;313;291;927;963;1000;973;992;1104;10331;10769;10865;10678;11195;10999;998;941;835;926;894;884;-100;16601;17079;16488;17315;16970;2293;2381;2323;2154;2208;2343;53;34;40;38;46;41;11518;10950;11635;10857;11552;11900;547;537;543;526;501;521;3;3;7;5;7;7;763;723;762;726;707;732;65;77;63;75;77;77;49;61;58;71;63;71;123;99;117;102;109;115;2720;2673;2803;2608;2821;2775;707;776;694;714;732;685;7266;6925;7148;7061;7435;7556;1911;2045;1833;2066;1931;2051;4667;4646;4534;4637;4787;4848;1855;1862;1885;1761;1854;1853;915;934;925;1004;943;979;327;346;360;348;393;353;7543;7533;7494;7511;7535;7590;1668;1565;1584;1486;1557;1987;1152;1176;1207;1117;1218;1149;11659;11207;11684;11350;11681;16368
2020-05-20;395;374;382;378;379;398;7;4;3;5;5;-100;502;505;464;449;514;564;1396;1505;1327;1383;1499;1481;1950;1946;2009;1951;1995;2071;1984;2006;1981;1897;1998;1892;947;1003;894;930;952;903;95;91;112;111;128;175;1993;2000;1932;2013;1995;1916;974;975;969;953;970;994;2075;2027;2013;2021;2210;2329;283;276;290;281;303;278;939;1026;991;910;926;957;10222;10720;10846;11024;11053;11366;983;951;854;836;874;864;-100;16286;16451;16513;17080;17144;2274;2261;2209;2352;2283;2111;50;40;41;51;36;50;11058;11509;11538;11329;11619;11363;535;527;488;527;533;557;3;4;2;2;8;2;802;813;771;708;788;715;62;82;72;84;82;78;69;58;57;72;50;52;98;110;121;109;117;113;2568;2712;2776;2674;2873;2771;780;713;735;692;741;740;7102;7254;7074;7309;7586;7542;1791;1971;1922;1982;1919;2056;4769;4821;4447;4676;4770;4533;1840;1947;1801;1752;1918;1641;975;1004;916;986;922;953;318;355;347;353;395;404;7234;7304;7666;7527;7429;7664;1670;1550;1646;1460;1486;1918;1129;1227;1186;1223;1271;1189;11305;10987;11403;10937;11616;13826
2020-05-27;352;389;369;388;377;348;8;8;8;4;4;-100;469;536;478;416;483;398;1304;1402;1456;1415;1496;1417;1905;1885;1981;1953;1933;1978;1839;1991;2055;1917;1967;1800;855;963;984;950;893;848;86;80;109;95;139;104;2029;2042;2033;1995;2093;1935;977;953;956;977;983;968;1941;2199;2212;2223;2281;1960;285;277;268;266;276;303;947;979;981;926;919;990;10339;10266;10375;10738;10699;10689;921;909;879;805;909;796;-100;16346;16902;17039;16921;16750;2177;2285;2382;2393;2196;2192;39;45;41;50;38;50;10848;10842;11554;11317;11350;10904;535;558;510;537;490;505;3;9;4;6;1;4;780;843;691;730;708;745;77;72;64;53;80;79;54;67;65;69;73;67;114;112;122;111;91;115;2661;2686;2704;2775;2733;2728;716;679;688;757;730;662;7015;6937;7100;7695;7445;7630;1950;1983;1815;1883;1948;2325;4306;4734;4628;4861;4635;4539;1719;1835;1965;1797;1864;1716;926;984;949;985;924;911;333;334;371;366;344;327;7096;7255;7092;7306;7619;7224;1627;1541;1620;1481;1541;1656;1099;1150;1126;1159;1245;1095;9495;9176;9578;9370;9502;11259
2020-06-03;396;354;393;381;383;357;2;3;8;5;7;-100;558;515;505;483;486;663;1437;1360;1312;1433;1525;1490;1942;1856;1815;1811;1966;1792;1972;1784;1958;1951;1932;1914;998;903;906;917;1024;973;93;86;110;90;91;121;1995;1893;1836;2038;2020;2130;959;913;985;1009;991;962;2090;1999;2121;2302;2285;2101;289;258;293;262;296;271;908;913;1012;946;1049;984;10643;10553;10086;10372;10594;10639;867;860;883;860;901;809;-100;15799;15846;16714;17491;17262;2434;2235;2126;2228;2288;2397;37;45;44;54;45;34;12060;11030;10878;10996;12261;11076;521;492;551;452;498;504;8;2;3;4;7;4;850;727;723;622;788;734;71;62;76;89;71;73;61;54;57;64;53;65;125;128;123;110;121;111;2598;2590;2625;2676;2737;2682;758;669;724;713;707;677;7387;6611;6892;7177;7966;7803;1847;1906;1826;1977;1841;2015;4913;4399;4709;4656;4660;4889;1994;1687;1776;1795;1945;1870;1017;885;858;922;929;960;364;347;348;360;313;343;7364;7576;7067;7109;7512;7214;1617;1462;1549;1513;1544;1751;1171;1104;1108;1178;1251;1165;11576;11149;11109;11234;11426;12090
2020-06-10;349;332;322;351;443;372;1;4;5;9;6;-100;517;470;491;471;441;634;1502;1348;1421;1392;1558;1461;2003;1851;1868;1734;1847;1893;1986;2012;1912;1774;1994;1941;1000;906;857;901;1040;978;103;79;85;85;102;89;1886;1915;1978;1863;2145;1985;1017;920;1023;941;969;1000;2107;2175;2136;2188;2546;2212;267;276;262;282;257;279;928;947;1021;922;933;1003;10385;10154;10334;10246;10572;10644;864;878;821;856;853;826;-100;15717;16087;15582;16484;16585;2298;2151;2145;2243;2623;2287;41;40;40;35;42;39;11447;10766;11494;11091;11982;10637;459;503;498;455;488;528;4;3;4;2;7;4;740;664;703;688;763;818;65;81;86;74;67;69;66;53;53;75;74;57;116;121;121;116;134;111;2681;2622;2646;2556;2649;2691;746;729;732;671;736;729;7076;6790;6830;7035;8240;7735;1799;1799;1969;1928;1873;1867;4682;4819;4434;4658;4937;5064;1857;1863;1740;1721;1977;1800;1004;898;918;955;1086;978;325;348;342;338;345;376;7152;7140;7819;7154;7010;6953;1609;1541;1590;1441;1444;1721;1169;1113;1120;1119;1171;1148;10823;10639;10656;10496;10729;11290
2020-06-17;373;475;363;378;419;380;3;11;6;6;4;-100;523;504;474;443;462;631;1285;1452;1476;1401;1427;1413;1900;1920;2101;1779;1913;1814;1906;2145;1957;1776;2026;1920;875;975;1004;845;909;888;98;125;89;109;116;98;1761;1993;2042;1964;1980;2022;913;983;980;958;1015;948;2235;2914;2170;2080;2376;2351;285;270;247;277;281;277;987;941;991;954;962;1066;10095;10650;11076;10454;10757;10699;865;846;819;837;847;797;-100;16910;16819;15843;16639;16379;2067;2481;2297;2188;2217;2070;32;33;47;36;39;31;10591;11442;11700;11003;11375;11043;549;586;515;491;505;499;4;2;9;7;1;4;749;760;723;662;660;760;76;71;66;57;63;78;50;58;49;59;63;61;89;142;116;102;126;101;2561;2601;2629;2600;2696;2694;712;725;757;703;724;738;6737;7563;7255;7068;7183;7392;1845;1916;2139;2104;1916;1935;4410;5692;4647;4403;4919;4666;1679;2013;1785;1629;1814;1777;910;1056;923;891;996;898;323;335;348;354;367;373;6956;7173;7991;7713;7399;7166;1592;1573;1491;1500;1526;1669;1100;1237;1196;1127;1210;1145;10613;10591;10908;10489;10779;10690
2020-06-24;347;394;451;351;391;289;8;5;4;7;5;-100;504;501;476;430;497;652;1374;1338;1419;1414;1459;1437;1888;1846;1821;1950;1980;1960;1839;1958;2291;1793;1908;1898;880;906;933;884;960;928;117;91;109;93;99;100;1890;1970;1939;1940;2067;2077;897;897;938;915;1002;984;1922;2318;2732;2045;2419;2181;239;263;272;261;279;292;923;998;990;948;895;1022;10409;10310;9926;11136;11403;11372;894;873;901;951;832;758;-100;15699;16076;16569;17918;17263;2141;2303;2136;2140;2247;2262;32;48;43;52;60;34;10808;11247;11164;10550;12667;11971;523;527;484;495;469;479;3;3;7;7;5;2;691;860;700;648;746;808;54;49;72;77;92;68;50;43;65;64;72;47;89;120;127;126;131;115;2548;2611;2692;2621;2836;2660;752;678;733;741;767;683;6781;6864;7023;7002;7352;7368;1727;1893;1784;1936;1919;2117;4283;4683;5117;4194;4671;4817;1715;1766;1888;1711;1799;1865;911;899;977;922;924;932;310;334;334;317;331;406;7111;7345;7137;7698;7566;7646;1525;1541;1587;1633;1512;1670;1197;1172;1166;1181;1243;1173;10488;10492;10592;10490;10788;10270
2020-07-01;363;368;390;379;428;530;8;6;2;4;9;-100;468;484;455;542;361;635;1487;1328;1413;1441;1508;1561;2301;1899;1901;2080;1935;1764;1826;1806;2008;1900;1954;2137;996;874;973;985;930;969;81;90;112;96;120;113;2050;1886;1953;1979;2046;2105;942;924;905;1007;935;996;1917;2155;2542;2361;2377;2668;277;251;290;230;263;271;1016;875;931;958;947;997;11412;10712;10821;11011;11000;10271;793;755;828;917;765;;-100;16229;16424;16622;16552;16419;2383;2102;2143;2225;2242;2314;42;46;47;40;40;35;11819;11293;11170;11146;12324;12273;584;464;457;492;483;605;4;0;2;2;8;9;827;688;668;623;677;688;87;70;71;77;71;71;53;65;62;62;55;69;102;109;119;108;117;153;2849;2695;2697;2731;2726;2639;721;756;756;776;736;697;7360;6599;6703;7353;7074;7653;1697;1913;1796;1765;1882;2053;4434;4194;4381;4591;4834;5265;1817;1647;1658;1867;1850;2315;1007;909;915;946;910;980;384;347;369;322;349;369;8146;7505;7156;7305;8048;7752;1674;1549;1549;1588;1537;1563;1295;1092;1158;1152;1258;1174;10514;10382;10534;10538;10296;10398
2020-07-08;368;375;452;385;382;457;10;10;3;5;6;-100;498;465;489;608;499;657;1476;1323;1346;1404;1338;1383;1908;1933;1847;1833;1788;1678;2031;1970;1920;1963;1820;2039;1010;910;1010;947;870;918;101;104;132;99;133;107;2139;1918;1886;2041;1956;1993;951;898;941;971;953;957;2271;2186;2418;2160;2258;2302;250;270;249;280;278;276;885;939;921;984;982;942;10548;10399;10334;10513;10556;10581;837;829;800;811;807;;-100;16172;15603;16070;16319;16136;2491;2276;2288;2285;2065;2172;35;41;35;38;42;46;13269;11324;11642;11117;11617;11382;487;490;533;534;493;468;5;10;4;5;5;2;762;675;711;691;671;700;88;80;85;63;86;73;58;73;42;60;68;62;136;98;117;107;112;137;2588;2630;2519;2675;2763;2619;693;734;694;737;735;665;7029;6873;6814;7160;7113;7306;1805;1934;1806;1771;1898;2218;4604;4501;4382;4699;4338;4885;1953;1775;1822;1760;1703;2200;1006;958;900;970;876;969;377;370;328;318;327;324;8351;7423;7214;7366;7457;7854;1560;1605;1525;1585;1558;1571;1358;1164;1087;1078;1225;1164;10255;10631;10605;10433;10475;9927
2020-07-15;419;380;376;404;370;454;4;3;5;4;6;-100;544;534;448;576;473;553;1475;1458;1475;1511;1430;1443;1797;2030;1827;1988;1882;1845;1899;1824;1795;1975;1867;1840;1049;904;979;911;933;885;112;88;94;106;92;99;1943;1981;1972;2039;2034;1981;917;971;931;994;977;1026;2197;1993;2090;2356;2097;2136;236;276;242;310;286;283;903;952;926;1059;962;1020;10410;11162;10529;10738;10605;10384;837;857;831;817;768;;-100;16985;16589;16702;16856;16497;2358;2210;2271;2265;2292;2111;33;54;46;33;30;42;13303;11170;11117;11180;11019;10802;525;490;516;587;535;503;3;8;2;5;4;5;689;723;697;733;681;760;69;77;76;69;70;72;48;50;54;69;50;64;118;116;103;117;112;146;2568;2754;2678;2705;2585;2528;722;685;749;721;742;753;6858;6661;7190;7178;7439;7502;1790;1958;1790;1816;1821;2638;4416;4237;4529;4502;4424;4707;1938;1807;1763;1762;1766;2105;920;937;969;969;947;946;381;312;354;374;351;347;8164;7377;7259;7186;7293;7718;1529;1616;1512;1724;1482;1513;1295;1235;1151;1223;1206;1109;9990;10648;10381;10317;10303;10093
2020-07-22;601;377;369;317;403;462;5;9;5;8;9;-100;416;496;490;405;464;648;1633;1424;1375;1455;1558;1452;1740;1917;1897;2107;2318;1801;2105;1906;1914;1976;1963;1978;1230;942;863;916;985;975;116;96;101;109;75;110;2109;1942;1770;2153;2171;2081;951;962;925;1091;967;944;2443;2285;2143;2195;2337;2235;238;264;296;291;314;297;902;955;939;1046;1021;964;10163;10116;10410;11196;11624;10813;851;732;788;841;763;;-100;16157;16058;18340;19630;16884;2625;2277;2140;2389;2471;2152;56;43;40;30;56;35;14555;11042;11091;11132;12024;11274;508;474;482;528;492;494;7;6;4;8;0;3;723;785;741;719;727;744;57;74;83;88;72;71;68;51;62;65;65;62;158;123;120;124;123;155;2551;2541;2571;2768;3009;2671;669;721;728;773;721;729;7016;7267;6997;7674;7660;7561;1751;2054;1799;1824;1841;2426;4997;4577;4403;4505;4728;4930;2203;1756;1678;1705;1858;2276;1131;933;948;1080;1025;954;393;342;328;364;407;365;7798;7295;7110;7155;7461;7927;1538;1630;1484;1642;1514;1539;1174;1181;1121;1222;1260;1149;9978;10574;10107;10319;10385;10152
2020-07-29;473;386;421;391;367;578;2;12;4;7;3;-100;474;433;497;440;473;560;1446;1390;1616;1615;1459;1526;1777;1801;1808;2125;1916;1939;2139;1970;1943;1902;1854;2151;918;874;1106;1044;865;1060;111;100;93;106;103;107;1886;1827;2077;2379;2010;2219;947;902;934;1084;962;983;2479;2324;2307;2231;2386;2715;259;232;272;321;256;306;883;901;925;1062;921;982;9947;10061;10672;11002;10371;11130;948;918;850;859;873;;-100;15439;16494;20371;17034;17377;2020;2221;2657;2479;2170;2357;42;33;31;41;33;35;12009;10991;13013;12305;10974;12585;494;465;468;592;456;499;9;7;4;6;7;5;727;690;647;807;611;713;73;64;66;100;72;89;65;47;77;58;68;64;114;128;128;120;107;150;2493;2504;2510;2761;2733;2667;663;709;691;679;728;745;6554;6658;7559;8007;7268;7784;1792;1864;1759;2250;1843;2203;4551;4688;5085;4708;4473;5537;1694;1667;1879;1771;1711;2203;861;904;1064;1110;941;979;332;319;347;399;364;386;7349;7425;7596;7731;7128;8630;1588;1574;1536;1723;1491;1547;1140;1113;1200;1264;1139;1263;9872;10405;10212;10377;10526;10253
2020-08-05;379;316;504;413;395;561;1;2;2;5;4;-100;479;473;541;478;443;507;1500;1359;1334;1532;1406;1433;1997;1788;1826;2000;1766;2031;2003;1799;2059;1911;1896;2058;1040;804;1022;1030;892;954;109;102;105;95;124;87;2156;1839;1959;2118;2027;2152;929;956;932;1029;936;957;2372;2212;2726;2288;2391;2528;276;280;304;302;269;296;875;920;954;918;958;954;10725;10030;10133;10994;10592;11002;918;1023;852;753;738;;-100;15487;15784;18478;16540;17453;2378;2120;2292;2419;2215;2310;32;43;38;45;36;37;12595;10606;13993;12469;11395;11957;523;474;460;484;448;463;4;4;4;6;7;7;822;665;707;736;665;726;68;69;59;95;82;94;58;57;74;54;72;63;124;100;149;129;112;129;2546;2560;2657;2750;2630;2640;700;740;742;705;706;737;7753;6715;6902;7305;7186;7947;1811;2091;1739;2199;1838;2070;4439;4159;4885;4689;4425;5283;1773;1646;1914;1822;1751;1953;1025;874;990;991;941;1057;333;326;319;390;380;366;7219;7233;7186;8003;7313;8532;1524;1574;1552;1450;1548;1572;1215;1150;1099;1222;1138;1154;10114;10403;10243;10511;10374;10222
2020-08-12;374;372;437;378;453;572;4;7;4;6;4;-100;529;495;521;437;430;477;1692;1394;1380;1430;1408;1607;1852;1976;1784;1887;1777;2869;1942;1810;1769;1860;1920;1971;1066;930;850;956;884;925;93;94;84;99;89;100;2521;1949;1861;1923;2026;2172;953;914;906;1017;931;993;2242;2122;2288;2285;2361;2366;289;285;260;234;323;295;954;945;945;984;922;977;10176;10451;10326;10163;10237;12067;943;906;785;768;789;;-100;16258;16148;16890;15934;19638;2747;2222;2147;2199;2218;2264;49;44;40;25;37;43;11716;11144;11673;11204;11256;12261;520;524;501;440;484;511;3;5;3;4;6;4;753;715;680;678;661;743;71;72;67;81;79;100;55;62;58;59;56;58;97;104;119;96;129;112;2531;2572;2539;2610;2612;3209;698;717;704;694;733;734;7574;6804;6858;6850;6955;8065;1738;1879;1781;1939;1769;1919;4503;4410;4355;4694;4485;5240;1899;1774;1729;1819;1767;1867;1120;937;958;931;858;957;373;355;354;337;345;389;7075;7102;7118;7194;7117;8288;1535;1567;1545;1505;1486;1517;1195;1166;1128;1187;1142;1219;10318;10310;10535;10049;10358;10583
2020-08-19;357;356;344;363;364;546;7;8;6;8;6;-100;513;439;462;432;482;486;1376;1408;1472;1460;1454;1477;1755;2120;1951;1824;1859;2196;1787;1859;1761;1822;1936;1904;827;951;876;939;928;922;105;85;90;109;115;101;1813;2043;1939;2004;2011;2089;926;971;953;990;1006;994;2081;2049;2052;2260;2264;2358;261;278;270;261;251;264;948;1009;901;943;990;1016;10091;10760;10644;10618;10607;10750;805;969;722;814;803;;-100;17147;15880;16612;16263;17511;2002;2241;2155;2323;2235;2221;46;37;44;38;53;34;10619;11193;10922;11189;11046;11729;520;550;476;483;453;549;5;3;6;8;3;6;657;760;595;694;680;764;73;69;71;58;65;74;47;65;59;64;46;81;85;119;103;122;121;137;2524;2706;2543;2620;2618;2853;732;684;739;754;678;744;6698;7039;6596;6877;7040;7945;1787;1914;1960;1960;1938;1990;4127;4296;4271;4542;4645;5132;1655;1697;1684;1808;1769;1720;923;909;918;961;963;947;337;343;350;381;385;352;6801;7184;7219;7015;6908;7996;1563;1567;1527;1495;1542;1576;1152;1131;1207;1145;1252;1197;10320;10600;10662;10159;10250;10979
2020-08-26;402;370;327;377;359;522;6;6;5;7;2;-100;489;454;395;414;450;468;1476;1414;1329;1414;1501;1497;1919;1866;1924;1825;2006;1865;1840;1765;1804;1828;1863;1932;929;911;917;879;939;971;92;109;96;121;117;103;1963;1918;1848;1902;2151;2022;901;922;951;935;996;953;2055;2013;2076;2178;2356;2300;259;271;305;255;271;300;959;993;952;947;966;986;10306;10313;10558;10363;11072;10789;755;878;753;773;745;;-100;16101;16064;16000;17637;16594;2282;2320;2239;2254;2373;2202;25;42;40;36;36;28;11116;10748;11110;10851;10908;11535;470;466;508;486;473;504;5;11;2;6;2;5;704;735;728;623;715;708;70;85;76;72;77;61;63;54;56;65;62;73;87;109;92;120;119;134;2530;2595;2576;2528;2786;2732;720;723;730;715;779;697;6924;6996;6973;6934;7845;7437;1722;1873;1711;1766;1880;2060;4413;4250;4405;4408;4517;5188;1777;1770;1766;1657;1770;1348;934;934;931;940;1032;1016;337;373;380;365;340;336;6954;7100;7013;6927;6894;8055;1458;1686;1568;1584;1642;1485;1172;1137;1164;1206;1147;1159;10209;9196;9340;9012;9443;10352
2020-09-02;372;320;348;375;379;451;2;4;3;5;3;-100;400;441;402;439;374;493;1389;1380;1318;1376;1426;1522;1775;1835;1883;1909;1838;1880;1975;1757;1762;1842;1734;1940;911;897;875;918;831;930;121;90;81;85;108;93;1989;1980;1920;1979;1922;2024;879;955;918;975;983;985;2276;2041;1976;2196;2122;2316;248;283;259;278;261;282;916;991;1001;941;985;979;10069;10421;10021;10754;10363;10893;785;843;754;769;687;;-100;16116;15706;16390;15988;16684;2220;2246;2186;2267;2199;2218;48;37;36;41;34;55;11352;10479;10542;11008;10448;11055;438;494;471;521;456;459;5;6;3;5;4;10;697;709;688;627;662;664;73;71;75;88;73;86;60;65;55;55;74;71;125;124;102;124;124;146;2513;2587;2573;2611;2556;2689;745;759;708;694;714;710;6922;6981;6978;7189;6957;7555;1803;1864;1783;1837;1933;2047;4554;4471;4301;4349;4227;5053;1838;1697;1598;1716;1580;1749;928;954;953;999;894;958;315;332;339;358;333;369;6603;7203;6680;6906;6890;7899;1648;1556;1596;1617;1441;1517;1151;1184;1153;1178;1172;1157;9063;10657;10748;10644;10894;9005
2020-09-09;378;339;331;370;321;461;3;5;9;6;6;-100;441;435;418;435;391;490;1447;1392;1426;1452;1410;1568;1917;1938;1823;1811;1833;1810;1730;1821;1942;1845;1753;1911;909;903;862;929;893;1003;100;101;106;107;111;119;1922;1930;1991;2014;1944;2074;913;932;991;949;966;983;2040;1971;2100;2063;2084;2276;301;278;265;265;254;256;966;920;1042;905;990;1123;10400;10442;10611;10785;10796;11478;851;926;726;747;734;;-100;16372;16146;16292;16303;17039;2192;2365;2290;2356;2154;2325;38;51;45;45;33;40;10629;10584;10787;11098;11025;11406;478;514;552;466;505;490;6;2;3;6;3;2;654;653;679;645;635;715;80;73;78;60;78;73;61;57;58;67;60;64;96;105;103;116;122;123;2602;2730;2705;2539;2644;2738;712;714;704;706;707;783;6664;6744;7192;7142;6970;7693;1821;1707;1801;1796;1808;2216;4040;4497;4494;4454;4319;4972;1633;1749;1689;1725;1624;1745;909;1000;951;952;936;1023;309;363;340;391;388;390;6660;6641;6730;6834;6928;8171;1552;1536;1590;1516;1559;1525;1188;1103;1190;1230;1252;1242;10548;10416;10652;10467;10860;11158
2020-09-16;366;340;369;396;363;461;11;4;4;10;4;-100;484;460;384;349;426;464;1459;1376;1407;1421;1454;1569;1844;1769;1908;1970;1923;1986;1888;1796;1702;1885;1791;1838;1057;876;918;926;875;971;102;108;74;108;88;98;1961;1834;2058;2056;2030;2209;942;904;979;994;1007;1082;1982;1882;1980;2100;2110;2278;285;295;267;284;277;314;978;1017;938;996;1005;1040;10538;10499;11341;10772;11144;12096;822;858;795;745;778;;-100;15606;16505;16651;16500;17466;2379;2263;2312;2385;2241;2466;38;57;35;33;45;45;11358;10321;10976;11177;10907;11569;505;509;535;513;463;496;4;6;3;3;8;6;733;732;714;658;641;710;65;61;79;60;72;89;53;67;40;56;53;63;116;117;100;125;112;129;2631;2500;2717;2706;2582;2718;750;681;697;722;755;770;7130;6765;7257;7474;7391;8219;1699;1835;1793;1867;1899;2107;4574;4234;4301;4520;4327;5042;1990;1724;1677;1819;1679;1733;1004;948;977;1019;943;952;360;358;364;382;342;419;6617;6956;7091;7153;6994;8330;1566;1531;1562;1645;1540;1511;1130;1180;1265;1177;1296;1226;10357;10145;10845;10464;10751;10784
2020-09-23;333;357;351;363;369;346;8;5;5;8;9;-100;441;417;432;448;494;479;1410;1442;1496;1436;1577;1532;1932;1906;1963;1831;1906;1897;1735;1866;1702;1892;1827;1843;891;1008;969;913;944;957;97;81;113;98;100;103;1915;1988;2125;1906;2157;2373;963;983;983;950;1016;974;1919;1972;1926;2022;2087;2155;292;305;271;283;282;330;938;985;970;1016;1043;1084;10649;10733;11476;10689;10779;11139;762;837;734;747;798;;-100;16336;16747;15969;17402;17323;2147;2423;2351;2362;2494;2445;45;55;47;50;53;37;10687;11094;11456;10903;10986;10875;528;522;534;503;562;480;6;4;6;6;4;7;726;743;723;682;708;776;70;77;88;84;85;74;54;64;49;61;48;80;92;131;141;99;106;152;2687;2665;2672;2700;2753;2891;709;740;713;712;820;738;6831;7351;7516;7398;7985;8208;1856;1852;1945;1828;1822;1875;4313;4674;4366;4643;4699;5012;1685;1887;1773;1856;1885;1439;947;1003;1023;1007;976;1029;315;355;374;342;366;353;6898;7036;7367;7230;7019;8278;1633;1601;1532;1553;1648;1562;1188;1212;1243;1212;1237;1237;10802;10249;10997;10408;10930;10861
2020-09-30;395;377;375;382;367;;6;6;7;8;2;-100;448;524;417;445;442;424;1494;1469;1481;1553;1557;1583;1973;1904;1955;1965;2048;1906;1837;2019;1929;2068;1887;1985;927;958;965;1035;921;1057;84;91;96;105;113;106;2007;1991;2235;2123;2153;2371;959;910;978;1033;972;996;1849;2081;2076;2176;2158;2220;301;282;273;273;305;304;956;986;1032;1060;1046;974;10995;10906;11220;11310;11191;12131;789;936;820;829;831;;-100;16352;16664;16622;16899;17495;2192;2447;2428;2498;2442;2537;32;47;35;42;56;37;11228;11158;11562;11485;10953;11597;488;550;569;545;534;562;7;9;7;6;3;5;741;760;768;701;714;730;65;69;78;91;83;83;47;58;55;60;63;84;138;123;114;133;121;;2744;2686;2645;2810;2717;2996;766;741;733;702;712;781;7163;7368;8025;7848;7689;8352;1914;1856;1983;1890;1901;2127;4342;4768;4981;5194;4826;5284;1719;1885;1885;2029;1791;1829;904;1029;1039;995;980;1103;341;369;398;390;379;408;6813;7072;7388;7210;6963;8337;1651;1598;1708;1606;1638;1546;1235;1286;1295;1225;1234;1221;10677;10647;11065;10817;11087;11444
2020-10-07;345;360;359;353;365;;9;7;4;9;6;-100;444;490;496;337;464;509;1409;1556;1529;1509;1592;1624;2019;2065;2059;2006;1951;2046;1934;2113;1958;2040;1888;2074;914;1029;994;957;975;958;73;96;111;101;116;104;2035;2083;2156;2076;2197;2588;927;1022;985;992;1033;938;2101;2047;2185;2244;2070;2221;316;284;269;301;257;272;981;1076;963;1006;1086;978;11328;11495;11350;11391;11361;12089;800;911;884;878;813;;-100;17427;17470;16993;17666;17352;2332;2538;2496;2512;2382;2527;27;41;45;51;48;51;11624;12362;12010;11614;11441;;514;537;528;501;532;520;5;5;8;2;6;8;738;795;742;729;678;776;68;85;94;90;87;70;54;68;63;72;47;71;125;109;100;123;127;;2698;2933;2765;2762;2912;3019;752;731;764;714;788;737;7206;7456;7798;7567;7819;9072;1792;1879;1877;1935;1860;2140;4598;5103;4942;5048;4757;5667;1842;2004;1898;1947;1878;1773;924;992;1036;1022;943;1021;391;390;370;371;387;412;7055;7036;7234;7437;7297;8790;1528;1662;1695;1715;1654;1541;1168;1271;1268;1233;1278;1307;11082;10993;11319;11015;11370;11359
2020-10-14;326;425;386;347;362;;4;4;5;7;6;-100;451;546;486;537;417;591;1481;1607;1453;1488;1497;1618;2059;2041;2007;1957;1961;2143;2018;2104;2064;2132;1971;2147;945;944;939;959;942;1077;95;88;104;105;105;106;2080;2142;2029;2014;2099;2931;948;1040;970;958;998;1008;2056;2142;2230;2164;2123;2143;296;313;285;282;286;312;1015;993;1028;980;1048;1068;11108;11607;11080;11012;11418;12403;850;889;917;777;820;;-100;17599;17139;16552;17713;17581;2463;2493;2357;2432;2394;2694;39;50;47;37;38;47;11389;12060;11902;11593;11515;;555;593;525;502;511;509;6;6;7;3;5;2;859;814;773;711;732;825;66;80;80;86;62;86;67;76;61;51;63;62;116;129;103;114;119;;2712;2744;2710;2742;2880;3212;741;786;693;744;783;706;7868;7658;7616;7539;7803;10083;1809;2026;2004;1943;1909;2195;4917;5187;4952;5318;4772;6065;1945;2011;1962;1887;1902;1825;975;1071;1004;982;1020;1146;354;375;376;371;383;438;7119;7185;7392;7350;7292;8756;1574;1750;1648;1542;1622;1612;1220;1277;1210;1211;1298;1247;10762;11112;11361;11153;11594;11928
2020-10-21;390;403;382;435;403;;1;2;4;6;8;-100;539;516;500;498;449;1121;1498;1522;1489;1491;1545;1777;2038;2025;1913;1918;2065;2607;2071;2133;2054;2092;1911;2356;949;968;945;1004;919;1092;99;98;98;92;98;112;2098;2035;2101;2024;2139;3606;997;989;934;973;1026;1094;2072;2177;2157;2261;2170;2217;279;313;291;299;296;308;1045;1023;1023;997;1081;1065;11507;11594;11201;11258;11452;13881;939;930;927;831;785;;-100;17586;17059;16608;17327;18387;2437;2527;2338;2409;2355;2910;52;48;38;54;38;48;11834;11816;11929;11891;11769;;572;478;534;514;511;565;1;4;5;1;5;7;857;810;777;753;661;836;73;71;84;61;83;92;63;46;52;72;68;67;117;121;120;124;106;;2833;2952;2678;2673;2869;3444;752;773;793;696;794;791;7571;7499;7545;7754;7628;12137;1882;1971;1932;1996;2131;2206;4962;5033;4895;5145;4720;6334;1886;1905;1890;1945;1873;1776;937;1064;919;1043;941;1193;382;395;350;417;369;507;7267;7512;7308;7327;7516;9704;1698;1626;1644;1660;1724;1567;1203;1230;1214;1233;1307;1452;10940;11012;11131;10848;11381;12292
2020-10-28;334;445;428;398;402;;7;5;9;7;6;-100;511;510;529;485;455;;1433;1484;1551;1561;1536;1893;2095;2088;1892;1907;1935;3253;2192;2074;2061;2069;2039;2710;953;971;1000;950;940;1051;103;110;100;113;106;102;2016;1997;2053;2148;2066;4130;993;1003;976;1007;954;979;2202;2148;2214;2301;2283;;270;303;324;282;293;266;970;1041;1031;1022;1098;1113;11336;11389;11247;11436;11648;14785;934;944;921;924;863;;-100;17580;16762;16895;17488;18317;2418;2458;2397;2361;2297;3107;38;40;39;40;50;55;11722;11744;11761;11551;11234;;550;556;543;538;509;548;6;4;4;7;5;8;806;794;788;706;671;733;84;72;84;83;103;97;67;60;75;49;51;88;131;130;108;117;113;;2828;2732;2729;2816;2857;3674;745;688;746;814;775;776;7348;7646;7594;7765;7637;14115;1883;1939;1918;2043;2134;2414;4984;5092;5061;5140;4745;4521;2008;1908;1831;1918;1873;;1031;1028;984;955;1001;968;408;341;385;393;333;584;7392;7244;7511;7794;7668;9824;1658;1718;1757;1706;1638;1680;1286;1313;1153;1272;1224;1615;11000;11444;11337;10832;11534;12501
2020-11-04;399;412;428;393;400;;6;3;5;3;3;-100;505;542;540;467;516;;1460;1541;1490;1501;1556;2002;1951;2093;1939;2049;2001;3657;2099;2139;2016;2073;2194;3215;1004;1006;977;925;966;;88;110;94;114;95;97;2020;1968;2040;2046;2110;;971;1017;956;992;1046;1026;2337;2349;2310;2232;2303;;277;330;262;259;271;286;964;1069;981;1028;996;1018;10974;11592;11535;11712;11818;15768;903;979;890;968;927;;-100;17782;17371;17604;17859;18690;2425;2471;2324;2362;2443;3432;30;48;37;39;38;;11850;11889;12238;11805;11740;;500;538;500;535;486;546;6;4;6;3;5;8;739;822;732;686;720;872;74;76;77;98;90;;37;62;55;74;63;84;121;123;109;120;134;;2697;2909;2801;2801;3016;3587;748;810;704;776;785;748;7423;7492;7352;7614;7602;;1970;2040;1910;2124;2097;2359;5129;4963;4987;4963;4906;;1951;1922;1914;1867;1904;;1008;1017;990;1030;989;;379;374;380;348;385;613;7412;7775;7632;8012;7661;10544;1652;1717;1608;1640;1698;1667;1169;1286;1312;1263;1264;1965;11290;11785;11727;11532;12142;13418
2020-11-11;401;432;351;360;414;;3;7;3;8;9;-100;548;585;509;566;506;;1527;1616;1505;1556;1559;2277;1934;2177;2078;2017;2014;3397;2229;2129;2105;2135;2026;3891;951;984;985;986;999;;111;108;119;118;119;95;2023;2134;2057;1991;2231;;985;1045;1070;954;1037;1096;2363;2244;2266;2392;2216;;285;299;299;284;288;292;983;1004;969;982;1011;998;10608;11919;11653;11474;11992;15599;930;966;887;970;895;;-100;18591;17594;16842;18242;19161;2315;2483;2423;2408;2358;3642;45;49;51;45;45;;11629;12476;12478;11811;12125;;544;522;572;521;481;572;7;5;2;7;9;7;815;802;784;681;657;942;67;82;75;70;102;;60;66;78;66;66;90;135;123;115;125;125;;2606;2899;2920;2760;3063;3552;753;818;760;736;846;754;7505;7554;7504;7590;7551;;1854;2127;2161;2093;2148;2686;5188;5097;4999;5082;4608;;1879;1983;1928;1926;1902;;970;1063;998;994;1003;;376;381;393;392;404;719;7325;8076;8063;7999;8016;10151;1710;1771;1753;1541;1674;1831;1199;1353;1251;1248;1365;1935;11318;12191;11745;11507;12122;13972
2020-11-18;419;440;414;421;394;;4;8;10;7;8;-100;559;598;492;555;504;;1486;1550;1570;1531;1556;;2020;2143;2114;2060;2187;3136;2126;2091;2072;2166;1958;4319;938;1007;940;981;915;;106;112;101;98;101;;1975;2084;2071;2141;2173;;986;1046;1011;996;1057;1078;2253;2431;2319;2438;2216;;256;292;267;289;299;316;959;1103;995;994;966;1040;10692;11632;11840;11706;12372;15021;986;913;914;952;929;;-100;17911;17676;17785;18535;;2440;2539;2503;2555;2301;;43;38;47;42;51;;11689;12146;12418;12532;11968;;520;571;560;496;538;599;2;2;6;7;8;;757;776;770;727;702;1088;78;73;96;89;89;;62;70;60;55;75;;130;103;125;132;128;;2809;2911;2919;2856;3026;3315;745;855;791;720;784;731;7442;7706;7784;7709;7527;;1912;2197;2168;2071;2233;2621;5074;5088;4991;5364;4685;;1960;2061;1783;1955;1846;;956;1082;997;1021;986;;358;366;391;384;362;676;7397;8090;8169;7932;8213;9448;1678;1702;1700;1534;1712;1909;1257;1193;1318;1280;1331;1802;11156;12035;12074;11256;12452;14276
2020-11-25;401;469;407;449;463;;2;8;6;3;7;-100;597;597;535;551;569;;1488;1601;1531;1525;1587;;2021;2191;2080;2107;2122;2818;2027;2151;2052;2209;2071;4635;955;975;1020;1009;915;;123;107;101;120;133;;1979;2125;2116;2095;2134;;1083;1010;1027;994;1095;1093;2222;2413;2336;2312;2395;;282;284;324;283;291;332;998;1040;985;1044;1016;741;11159;11636;12013;11811;12253;14087;1028;1073;950;964;941;;-100;18146;17877;18091;18581;;2389;2540;2437;2559;2355;;53;30;47;32;58;;11738;12205;12555;12391;12024;;518;534;555;532;548;583;4;8;2;6;6;;761;752;721;741;774;1093;61;79;70;72;89;;69;62;68;69;76;;89;126;124;134;132;;2721;2953;2891;2910;3041;3373;831;789;770;802;780;635;7409;7753;7573;7927;7677;;2040;2388;2193;2132;2241;;4926;5126;5014;5291;4928;;1895;1940;1894;2010;1959;;929;1067;1015;1036;994;;378;357;362;406;359;;7849;8321;8257;7929;8287;;1691;1790;1740;1780;1688;1393;1255;1331;1396;1321;1375;;11188;11877;12017;11357;12429;14106
2020-12-02;422;469;450;448;424;;7;7;7;4;9;-100;492;678;544;504;529;;1509;1619;1632;1656;1599;;1992;2221;2276;2173;2161;;2014;2300;2015;2322;2128;;982;1067;1038;982;989;;109;111;135;106;119;;2019;2200;2102;2194;2078;;1105;1043;1067;1085;1104;1083;2131;2475;2278;2451;2512;;258;286;294;316;327;329;1083;1037;1014;1062;1092;;11342;12147;12278;11567;12188;;979;1101;883;905;912;;-100;18793;18295;18342;19143;;2385;2635;2655;2644;2558;;35;43;43;43;45;;12501;12543;13051;12739;11897;;537;534;552;572;544;625;4;4;9;5;1;;786;752;790;843;681;;59;81;97;69;87;;68;67;76;71;58;;124;111;133;128;134;;2762;3044;3024;2973;3019;;804;819;832;822;851;;7588;7977;7802;8094;7919;;2088;2363;2465;2150;2128;;5043;5297;5027;5457;5014;;1893;1965;1950;1921;1892;;948;984;971;1009;969;;370;394;399;407;436;;8080;8124;8620;8051;7942;;1805;1842;1765;1787;1731;;1307;1294;1390;1389;1218;;11726;12702;12319;11659;12252;
2020-12-09;428;454;430;442;428;;6;6;8;5;11;-100;608;690;546;511;592;;1517;1670;1554;1626;1668;;2113;2221;2325;2233;2213;;2131;2281;2103;2346;2113;;953;1157;1028;1070;1021;;113;107;111;117;119;;2048;2204;2187;2136;2226;;1033;1067;1102;1044;1107;;2306;2414;2455;2503;2463;;305;312;264;319;304;;1058;1072;1050;1066;1044;;11411;12508;12832;11733;12462;;1026;1172;981;972;948;;-100;18885;18504;17943;19101;;2418;2585;2580;2677;2526;;40;48;36;41;46;;12491;13262;13501;12827;12666;;523;528;578;560;558;;4;10;4;6;8;;773;759;693;773;726;;76;86;78;85;89;;61;78;76;78;57;;122;159;142;116;147;;2852;3138;3213;3016;3166;;816;918;844;759;782;;7563;7837;7948;7917;7942;;2002;2526;2455;2129;2290;;4991;5356;5249;5461;5239;;1821;2063;1942;1984;1951;;952;1067;1003;1034;1002;;433;347;390;422;444;;8032;8612;9262;8312;8239;;1669;1858;1797;1720;1719;;1240;1301;1357;1356;1367;;11672;12182;12892;12046;12826;
2020-12-16;452;567;400;447;423;;7;9;6;6;6;-100;567;784;546;496;510;;1538;1847;1653;1639;1592;;2085;2321;2272;2263;2337;;2184;2431;2033;2345;2135;;938;1188;989;1078;1048;;124;130;119;126;155;;2009;2435;2119;2303;2248;;1024;1060;1058;1096;1042;;2387;2716;2367;2535;2445;;318;309;301;318;305;;1019;1179;1101;1038;1093;;11426;13474;12936;12260;12622;;959;1313;968;962;898;;-100;19376;18500;18990;19062;;2406;2845;2605;2797;2536;;45;52;44;42;36;;12463;14861;13467;13306;12981;;567;610;594;613;563;;2;5;7;5;5;;786;856;781;770;720;;83;76;85;92;83;;61;78;78;59;73;;123;198;133;149;141;;2881;3078;3078;3045;3247;;786;923;897;802;773;;7472;8297;8011;8162;8158;;2131;2809;2510;2249;2284;;5179;5829;5176;5623;5013;;1953;2401;1964;2038;1913;;1002;1200;1051;1129;1053;;359;413;397;427;437;;8342;8980;9628;8427;8269;;1753;1868;1815;1741;1826;;1208;1446;1456;1322;1401;;12113;13229;14280;12611;13532;
2020-12-23;436;514;545;516;481;;4;10;8;8;1;-100;643;613;552;537;633;;1545;2160;1646;1689;1637;;2031;2418;2350;2251;2152;;2171;2811;2253;2431;2117;;1033;1263;1093;1114;1024;;118;151;113;115;116;;2029;2620;2201;2145;2245;;994;1149;1134;1006;1038;;2480;2875;2496;2632;2459;;267;364;310;329;302;;1101;1315;1107;1195;1068;;11321;14659;13709;12182;12437;;1017;1346;928;1025;946;;-100;19744;18652;17954;18204;;2514;2897;2628;2860;2494;;33;45;37;46;49;;12560;16489;14956;13426;12398;;597;571;566;589;597;;2;2;9;2;2;;870;873;800;821;748;;56;93;96;81;95;;74;81;92;100;84;;129;193;121;146;106;;2593;3333;3191;2904;3022;;833;982;891;871;805;;7604;8874;8439;8537;7949;;2102;3200;2747;2367;2313;;5249;6253;5237;5768;5079;;2053;2865;1908;2082;1859;;1021;1311;1082;1014;1036;;347;466;422;421;396;;8031;9855;10412;8650;8113;;1737;2012;1929;1758;1718;;1294;1589;1375;1349;1329;;9786;9313;9881;8360;8711;
2020-12-30;500;;;;;;5;;;;;-100;390;;;;;;1537;;;;;;2123;;;;;;2133;;;;;;1046;;;;;;115;;;;;;2156;;;;;;986;;;;;;2569;;;;;;268;;;;;;1112;;;;;;12017;;;;;;1048;;;;;;-100;;;;;;2519;;;;;;50;;;;;;13218;;;;;;581;;;;;;5;;;;;;900;;;;;;83;;;;;;87;;;;;;125;;;;;;2918;;;;;;851;;;;;;7816;;;;;;2331;;;;;;5361;;;;;;2073;;;;;;1034;;;;;;401;;;;;;8427;;;;;;1914;;;;;;1318;;;;;;8741;;;;;
