Fecha;Austria-2015;Austria-2016;Austria-2017;Austria-2018;Austria-2019;Austria-2020;Belgium-2015;Belgium-2016;Belgium-2017;Belgium-2018;Belgium-2019;Belgium-2020;Cyprus-2015;Cyprus-2016;Cyprus-2017;Cyprus-2018;Cyprus-2019;Cyprus-2020;Denmark-2015;Denmark-2016;Denmark-2017;Denmark-2018;Denmark-2019;Denmark-2020;Estonia-2015;Estonia-2016;Estonia-2017;Estonia-2018;Estonia-2019;Estonia-2020;Finland-2015;Finland-2016;Finland-2017;Finland-2018;Finland-2019;Finland-2020;France-2015;France-2016;France-2017;France-2018;France-2019;France-2020;Germany (Berlin)-2015;Germany (Berlin)-2016;Germany (Berlin)-2017;Germany (Berlin)-2018;Germany (Berlin)-2019;Germany (Berlin)-2020;Germany (Hesse)-2015;Germany (Hesse)-2016;Germany (Hesse)-2017;Germany (Hesse)-2018;Germany (Hesse)-2019;Germany (Hesse)-2020;Greece-2015;Greece-2016;Greece-2017;Greece-2018;Greece-2019;Greece-2020;Hungary-2015;Hungary-2016;Hungary-2017;Hungary-2018;Hungary-2019;Hungary-2020;Ireland-2015;Ireland-2016;Ireland-2017;Ireland-2018;Ireland-2019;Ireland-2020;Israel-2015;Israel-2016;Israel-2017;Israel-2018;Israel-2019;Israel-2020;Italy-2015;Italy-2016;Italy-2017;Italy-2018;Italy-2019;Italy-2020;Luxembourg-2015;Luxembourg-2016;Luxembourg-2017;Luxembourg-2018;Luxembourg-2019;Luxembourg-2020;Malta-2015;Malta-2016;Malta-2017;Malta-2018;Malta-2019;Malta-2020;Netherlands-2015;Netherlands-2016;Netherlands-2017;Netherlands-2018;Netherlands-2019;Netherlands-2020;Norway-2015;Norway-2016;Norway-2017;Norway-2018;Norway-2019;Norway-2020;Portugal-2015;Portugal-2016;Portugal-2017;Portugal-2018;Portugal-2019;Portugal-2020;Slovenia-2015;Slovenia-2016;Slovenia-2017;Slovenia-2018;Slovenia-2019;Slovenia-2020;Spain-2015;Spain-2016;Spain-2017;Spain-2018;Spain-2019;Spain-2020;Sweden-2015;Sweden-2016;Sweden-2017;Sweden-2018;Sweden-2019;Sweden-2020;Switzerland-2015;Switzerland-2016;Switzerland-2017;Switzerland-2018;Switzerland-2019;Switzerland-2020;UK (England)-2015;UK (England)-2016;UK (England)-2017;UK (England)-2018;UK (England)-2019;UK (England)-2020;UK (Northern Ireland)-2015;UK (Northern Ireland)-2016;UK (Northern Ireland)-2017;UK (Northern Ireland)-2018;UK (Northern Ireland)-2019;UK (Northern Ireland)-2020;UK (Scotland)-2015;UK (Scotland)-2016;UK (Scotland)-2017;UK (Scotland)-2018;UK (Scotland)-2019;UK (Scotland)-2020;UK (Wales)-2015;UK (Wales)-2016;UK (Wales)-2017;UK (Wales)-2018;UK (Wales)-2019;UK (Wales)-2020
2020-01-01;;0.75;10.25;2.48;0.66;-0.52;;0.27;4.59;2.58;1.55;0.57;-100;-100;-100;-100;-100;-100;3.25;2.03;2.4;2.65;2.1;1.36;;-0.77;1.45;-0.3;0.96;-1.84;;1.33;2.92;-1.33;1.36;-2.48;;-0.07;11.57;6.91;3.04;1.24;;-0.55;2.09;-0.41;-0.04;-0.95;-100;;2.68;-0.22;-0.07;0.22;;2.59;6.97;1.67;2.53;2.54;0.85;1.02;2.13;0.62;2.1;0.91;0.5;2.7;5.65;5.93;0.88;2.63;-100;-100;-100;-100;-100;-100;3.25;1.38;9.63;7.75;2.95;1.36;0.49;-0.34;1.25;0.28;1.08;-1.71;2.13;1.99;3.69;4.07;2.93;0.43;;1.96;5.86;3.4;0.32;0.57;;1.95;5.15;3.45;1.28;0.22;7.86;2.53;12.48;7.38;4.73;3.28;-100;-100;-100;-100;-100;-100;;2.97;10.27;11.9;3.55;1.64;;-0.82;3.33;1.33;0.59;-0.98;2.72;0.76;7;4.5;-0.07;-0.9;;0.49;6.86;9.72;1.08;4.4;;0.1;3.2;5.32;1.33;1.07;;2.35;3.07;10.51;1.69;2.02;;-0.01;2.28;3.1;0.09;2.66
2020-01-08;;0.54;10.57;3.51;1.61;0.59;;-0.04;6.28;1.57;1.85;2.35;-100;-100;-100;-100;-100;-100;2.89;1.14;2.22;2.3;2.46;1.84;;-0.22;2.64;-0.75;0.18;-0.17;;1.14;4.05;-1.15;-0.66;-2.09;;0.85;11.68;5.8;4.55;2.6;;0.54;2.28;0.21;0.18;-0.34;-100;;4.42;0.05;-0.9;0.49;;2.53;8.3;0.97;4.72;3.48;1.4;0.54;2.51;0.48;2.2;0.84;2.49;2.14;5.9;5.73;1.9;3.52;-100;-100;-100;-100;-100;-100;5.43;0.62;10.87;5.8;3.46;2.38;0.75;0.23;3.85;1.55;-0.91;-0.45;2.85;0.26;3.13;0.64;1.88;2.36;;0.84;6.41;3.48;2.26;3.12;;0.98;5.66;1.43;-0.17;2.41;9.96;2.54;8.53;6.66;7.2;4.67;-100;-100;-100;-100;-100;-100;;2.93;12.5;10.74;6.64;4.29;;-0.2;2.99;0.36;-1.14;-0.19;4.04;-1.22;7.92;4.08;0.85;0.05;;0.53;7.4;8.22;1.65;3.22;;2.05;3.27;7.31;0.62;1.78;;2.59;1.31;9.46;3.36;2.1;;-0.2;1.76;5.22;-0.06;0.95
2020-01-15;;0.32;7.01;2.79;0.24;2.24;;0.9;5.25;1.69;1.32;1.26;-100;-100;-100;-100;-100;-100;2.23;0.67;1.6;3.06;1.79;-0.23;;-1.89;2.24;-2.09;1.89;-1.07;;2.51;1.68;-1.21;0.3;-2.22;3.78;1.34;8.88;3.86;3.93;0.77;;1.06;3.72;2.02;-0.29;0.77;-100;;3.76;0.17;0.48;-0.61;;2.46;6.44;0.71;4.26;3.1;1.12;0.31;2.94;0.89;2.05;0.83;2.06;2.42;5.49;5.85;0.17;1.22;-100;-100;-100;-100;-100;-100;4.22;0.83;8.67;4.48;4.89;3.1;0.26;0.6;1.76;-0.41;-0.15;0.19;2.79;1.57;4.84;1.61;4.45;3.61;;0.64;4.87;3.42;1.07;0.93;;3.27;2.57;3.51;-0.37;-0.24;10.95;3.7;7.62;6.67;7.9;5.55;-100;-100;-100;-100;-100;-100;;3.24;11.8;10.45;8.15;5.94;;0.45;1.97;0.26;-1.09;-1.04;4.59;0.41;8.18;3.17;0.24;0.95;;1.52;4.45;8.11;1.51;0.89;;0.23;2.02;5.01;-0.63;2.67;;1.34;0.93;7.45;1.28;-0.23;;1.19;3.91;4.17;-0.86;-0.9
2020-01-22;;-0.19;5.33;1.56;1.31;1.75;;0.3;5.52;0.7;2.31;-0.02;-100;-100;-100;-100;-100;-100;1.2;2.08;1.79;1.69;0.61;-1.03;;-0.34;1.01;0.06;-0.39;-1.46;;1.14;-0.12;-0.46;-0.18;-2.9;2.96;-0.15;9.18;1.8;5.35;0.14;;0.66;4.02;-0.21;-0.27;0.46;-100;;5.11;-0.29;0.51;0.68;;2.67;4.79;1.5;3.18;2.55;1.39;0.49;3.25;0.85;2.55;1.24;1.09;3.02;3.13;3.14;2.34;0.56;-100;-100;-100;-100;-100;-100;3.26;1.48;6.75;3.59;4.19;2.33;1.29;0.51;1.31;0.35;0.13;0;0.61;0.4;3.88;1.37;3.49;1.58;;2.06;6.2;2.96;1.31;-0.25;;3.38;1.38;0.63;-0.11;0.14;10.01;2.37;8.62;5.38;8.25;4.52;-100;-100;-100;-100;-100;-100;;1.8;11.17;8.18;6.71;5.68;;1.2;-0.13;0.1;-1.36;-2.6;3.76;1.01;6.58;1.33;1.14;1.09;;-0.33;4.6;6.7;1.65;0.15;;0.84;1.97;4.3;-2.24;-1.41;;0.88;1.57;5.02;0.52;0.83;;-1.71;2.01;2.85;0.01;-0.78
2020-01-29;;0.37;6.81;3.9;1.67;3.92;;-0.7;8.15;1.88;2.34;1.81;-100;-100;-100;-100;-100;-100;1.42;1.43;4.65;3;3.73;0.31;;-0.92;2.61;0.12;-0.53;-1.03;;0.89;-0.27;0.71;-0.23;-2.23;5.08;-0.21;7.56;0.85;6.04;1.11;;1.09;4.41;1.9;0.69;-0.11;-100;;8.32;-0.24;2.56;-0.5;;2.38;4.32;1.91;3.35;3.73;1.67;0.15;3.44;1.11;3.05;1.48;2.49;0.92;1.27;4.51;1.89;0.81;-100;-100;-100;-100;-100;-100;3.46;0.04;5.28;2.54;4.83;1.87;2.02;0.52;2.57;0.54;1.49;0.37;1.82;0.59;2.52;0.83;3.09;0.65;;1.09;5.7;3.81;0.94;0.93;;1.48;2.44;1.17;1.21;-1.27;8.3;1.73;6.1;4.67;6.99;4.6;-100;-100;-100;-100;-100;-100;;1.74;9.31;6.64;6.29;5.86;;-0.05;-0.43;-0.81;-1.4;-0.84;5.89;0.96;4.91;1.39;1.89;1.29;;0.83;4.54;4.5;2.02;-0.27;;-0.26;2.49;3.62;-0.2;-0.08;;1.08;3.36;2.04;0.58;-0.22;;0.65;-0.14;2.27;-0.11;0.81
2020-02-05;;0.99;4.29;-0.14;2.54;0.93;;-1.31;5.8;2.08;3.97;-0.39;-100;-100;-100;-100;-100;-100;2.79;0.53;1.9;3.37;4.83;0.09;;0.65;0.86;0.31;-0.25;-2.89;;0.6;-0.8;-0.7;0.25;-1.09;7.72;0.36;5.19;2.86;7.47;1.08;;1.7;3.92;1.56;1.95;0.82;-100;;7.02;0.55;1.58;-0.2;;2;3.06;1.48;2.61;2.86;2.44;0.65;2.5;1.43;2.76;1.07;1.83;1.88;0.11;3.37;1.93;0.94;-100;-100;-100;-100;-100;-100;5;2;3.79;2.07;3.08;1.08;1.68;-0.63;1.16;2.36;2.03;0.02;1.19;3.28;1.62;1.63;1.53;1.82;;0.42;4.48;4.96;1.41;1.28;;1.12;0.34;2.52;0.04;-1.65;8.02;2.56;3.36;6.28;5.87;2.72;-100;-100;-100;-100;-100;-100;;2.02;5.76;7;5;3.18;;-0.93;-0.34;1.06;-0.35;-2.46;7.21;0.95;5.54;2.33;2.78;0.73;;0.16;2.12;3.39;2.73;-0.66;;-0.08;-0.35;1.55;2.18;-0.76;;1.36;1.23;2.49;0.59;0.11;;-0.66;-0.39;2.6;-0.45;-0.77
2020-02-12;;0.68;2.97;3.38;3.01;3.48;;-1.56;4.78;4.33;2.57;1.2;-100;-100;-100;-100;-100;-100;2.54;0.99;4.87;5.98;3.18;-0.71;;-2.85;0.33;0.57;-0.72;-0.37;;-1.69;-0.01;0.16;-1.43;-1.36;9.91;-0.48;2.08;2.9;5.84;0.61;;-0.37;4.53;2.52;2.77;-0.9;-100;;6.27;2.86;1.78;0.86;;1.01;2.34;0.92;1.37;2.45;2.29;0.49;1.76;2.1;2.15;1.41;1.99;1.83;0.61;3.17;1.55;1.34;-100;-100;-100;-100;-100;-100;4.89;0.55;2.36;2.18;4.13;1.23;1.43;0.47;0.72;2.56;2.15;-1.4;2.68;-0.63;0.7;2.9;0.82;0.01;;0.45;4.3;6.54;2.18;1.41;;0.77;0.52;2.84;2.08;-0.15;9.02;2.62;2.49;6.6;5.29;0.59;-100;-100;-100;-100;-100;-100;;1.64;3.47;7.26;3.91;1.68;;-0.85;1.72;1.89;-1.89;-0.91;10.06;0.53;2;2.78;4.3;0.66;;0.55;2.92;4.48;1.29;-0.2;;0.83;2.48;3.74;1;-0.01;;3.16;2.15;1.78;1.39;-0.14;;0.01;0.57;3.64;0.08;-1.11
2020-02-19;;0.22;3.72;5.36;2.08;1.06;;-0.18;2.27;5.14;2.7;1.25;-100;-100;-100;-100;-100;-100;3.41;2.78;3.16;5.27;1.41;-1.06;;-1.05;0.19;2.76;-0.34;0.27;;-1.62;0.29;1.06;-1.68;-1.28;9.46;-0.7;0.55;4.77;5.6;-1.26;;1.38;5.56;5.12;1.7;-0.76;-100;;5.69;5.21;2.32;-0.81;;-0.38;1.39;1.1;1.95;0.62;2.54;0.29;1.59;2.51;1.84;1.02;2.74;0.16;1.03;0.94;-1.23;1.29;-100;-100;-100;-100;-100;-100;4.82;0.32;1.49;2.44;3.12;0.12;3.26;-0.89;-1.12;2.7;0.11;-0.31;3.37;-1.2;2.15;3.69;1.74;0.21;;3.64;3.53;7.01;2;-0.97;;-0.99;2.44;2.76;-0.25;-1.06;6.22;2.07;1.2;6.28;3.71;1.46;-100;-100;-100;-100;-100;-100;;2.55;2.05;5.79;3.21;-0.01;;-0.52;2.81;3.26;-0.84;-1.45;9.64;2.02;1.77;3.32;3.92;0.55;;0.34;0.8;3.51;0.05;-0.45;;0.49;2.62;2.07;-0.06;0.19;;0.62;0.6;1.63;0.19;0.2;;2.8;0.43;1.64;-0.84;-2.83
2020-02-26;;2.27;2.26;6.6;2.4;1.83;;1.27;1.62;9.83;2.87;0.56;-100;-100;-100;-100;-100;-100;4.26;3.06;3.54;6.97;0.78;-1.47;;-0.59;-1.45;2.87;-0.18;-0.52;;-0.78;-0.8;3.03;-1.17;-2.28;7.21;1.33;-0.13;7.95;4.39;0.25;;2.24;2.39;4.45;2.96;0.8;-100;;3.79;6.93;2.75;0.15;;-0.85;0.63;1.79;2.59;1.1;2.01;0.46;1.01;2.74;2;1.63;2.67;1.68;-0.26;3;0.03;0.59;-100;-100;-100;-100;-100;-100;3.01;-0.11;1.69;3.7;3.74;1.37;1.03;-0.24;-1.29;2.4;0.71;-1.05;2.92;-1.66;-0.7;2.18;3.7;-0.41;;2.41;1.85;9.66;0.5;0.61;;1.84;1.86;2.51;-0.61;-0.42;6.57;3.27;0.14;5.3;2.71;0.91;-100;-100;-100;-100;-100;-100;;2.46;1.15;5.6;2.44;0.1;;-0.05;1.76;4.73;-1.41;-1.17;9.06;0.97;2.18;6.55;4.1;0.22;;1.68;0.89;5.66;0.1;-0.05;;0.73;0.7;1.8;-0.55;-0.01;;1.34;1.4;3.14;-0.76;0.63;;0.53;-1.26;4.04;-2.12;-2.97
2020-03-04;;-0.31;1.4;6.17;3.38;1.77;;0.66;-0.28;9.85;2.41;0.45;-100;-100;-100;-100;-100;-100;5.09;3.39;1.98;7.57;-0.18;-0.52;;-1.8;-0.06;3.01;-0.94;-1.14;;-1.35;-1.31;2.37;-0.87;-0.71;4.81;1.2;-1.02;9.29;2.56;0.82;;0.18;-0.34;7.83;1.27;0.12;-100;;1.59;9.45;2.81;1.48;;-0.15;0.67;1.38;1.14;1.67;1.56;0.35;1.07;2.78;1.45;1.2;2.78;1.33;0.89;4.19;0.32;0.42;-100;-100;-100;-100;-100;-100;2.47;1.41;1.5;3.45;2.58;2.61;3.39;1.57;1.05;4.2;0;0.43;0.91;-0.47;0.98;2.22;1.91;-0.07;;2.3;0.98;11.53;1.82;0.86;;-1.42;0.52;3.91;0.25;-1.38;4.05;3.25;0.36;2.68;1.8;-0.27;-100;-100;-100;-100;-100;-100;;2.72;0.68;4.19;1.51;0.7;;-0.52;-0.21;5.24;-2.28;-0.23;5.86;1.88;1.41;4.77;2.84;0.57;;1.83;-0.15;6.64;-0.87;0.66;;-0.84;-0.84;1.11;-0.56;0.04;;1.9;0.63;1.48;-0.16;0.39;;2.43;-1.15;5.63;-1.91;-1.1
2020-03-11;;-0.58;0.35;5.79;2.99;1.55;;0.62;-1.56;7.12;1.85;1.04;-100;-100;-100;-100;-100;-100;4.52;3.69;2.72;5.48;0.68;0.13;;-1.09;-1.27;2.79;-1.46;1.07;;-1.26;-1.46;3.31;0.8;-0.52;3.18;2.28;-1.85;5.54;0.37;2.27;;2.33;0.73;6.08;1.58;0.04;-100;;0.3;7.06;0.86;1.77;;-0.04;0.99;0.74;0.8;1.41;1.13;0.28;0.81;2.28;1.52;1.18;1.65;1.12;-0.92;1.82;-0.97;0.39;-100;-100;-100;-100;-100;-100;1.63;0.13;0.1;1.47;1.51;6.4;0.94;0.66;-0.28;0.48;-0.05;0.85;3.03;-0.79;-0.89;0.82;0.28;2.04;;1.55;-1.11;8.2;2.64;2.26;;0.17;-0.08;2.23;0.73;-0.35;2.81;2.4;0.58;2.73;0.96;1.77;-100;-100;-100;-100;-100;-100;;3.73;-0.51;3.03;-0.09;4.4;;-0.41;0.37;3.97;0.08;-1.5;5.94;0.47;-0.19;4.01;1.58;1.48;;1.85;-2.08;3.67;-1.06;0.54;;-0.42;0.75;1.54;1.48;0.78;;1.62;1.01;1.81;-0.72;0.82;;3.26;-1.21;2.59;-0.13;-0.91
2020-03-18;;-0.57;0.28;1.72;0.65;3.12;;2.37;-0.42;5.78;0.19;4.96;-100;-100;-100;-100;-100;-100;1.83;1.58;2.55;6.3;-0.48;1.78;;-2.98;-0.68;2.24;-0.83;-0.28;;0.65;-0.72;2.92;-1.24;0.08;2.1;2.19;-2.71;4.62;0.39;7.12;;1.29;-0.43;5.55;0.57;-0.33;-100;;-0.28;4.97;0.13;0.11;;-0.54;1.12;0.17;0.31;1.19;1.11;0.41;0.85;1.89;0.78;1.86;1.55;2.46;-0.84;1.08;-2.45;1.29;-100;-100;-100;-100;-100;-100;1.48;0.8;0.56;-0.73;0.76;11.71;-0.01;1.13;1.18;1.51;-0.4;0.35;1.65;-0.16;0.42;0.76;1.92;3.28;;1.44;-1.63;5.4;0.88;6.67;;0.58;-0.35;2.97;-0.52;-0.9;2.67;2.37;-0.12;1.29;0.55;2.71;-100;-100;-100;-100;-100;-100;;1.45;-0.35;2.25;-0.67;16.2;;-0.11;-1.68;3.01;-2.67;0.97;4.06;1.02;-0.49;2.17;1.22;4.44;;1.6;-2.63;3.35;-1.85;4.64;;-0.81;0.39;0.8;-1.51;-0.31;;0.65;-0.5;-0.13;-0.92;1.57;;1;-1.63;2.05;-1.3;0.33
2020-03-25;3.21;1.32;-0.28;3.46;1.42;2.23;1.1;1.49;-0.54;4.34;-0.94;12.51;-100;-100;-100;-100;-100;-100;2.5;1.66;0.27;3.98;-0.68;1.25;;0.28;0.47;0.49;-0.96;0.68;-1.53;0.97;-2.2;2.06;-0.74;0.03;1.78;2.87;-2.54;3.76;-0.54;14.42;;0.36;1.39;3.39;-0.72;1.39;-100;;-0.43;2.64;0.53;0.33;0.93;0.05;-0.21;0.41;-0.01;0.62;0.94;0.63;0.86;1.58;0.61;1.32;1.81;1.04;-1.29;1.34;0.08;4;-100;-100;-100;-100;-100;-100;0.59;0.52;-0.6;0.71;0.12;14.75;1.66;0.8;2.31;-1.25;1.52;2.55;1.18;-1.19;0.82;-1.38;0.49;1.14;2.28;1.82;-0.54;3.43;0.83;15.43;;-0.47;-0.98;0.74;-0.37;0.75;0.66;1.88;-0.7;2.76;0.02;4.07;-100;-100;-100;-100;-100;-100;2.21;2.22;-0.29;2.33;0.01;37.63;;-0.07;0.04;2.7;-1.57;4.06;1.33;0.71;-1.52;1.73;0.85;6.54;;1;-1.13;2.67;-2.56;13.63;;0.64;-0.73;0.49;-0.81;1.95;;0.96;0.01;0.88;-2.27;4.68;;1.19;0.24;1.66;-1.26;4.35
2020-04-01;1.59;0.79;0.49;1.4;0.75;3.57;-0.06;-0.43;-1.53;1.57;0.92;21.83;-100;-100;-100;-100;-100;-100;1;0.38;-1.34;3.63;0.96;2.5;;-0.12;-1.35;1.19;-2.68;0.43;0.58;-1.72;0.17;4.13;-1.05;0.46;0.1;2.23;-2.26;2.69;0.36;23.56;;0.47;-1.12;3.26;0.19;1.32;-100;;-1.22;2.86;0.33;1.65;1.06;0.2;0.6;0.25;0.64;0.71;0.83;0.49;0.5;1.04;0.74;1.13;1.07;1.56;-0.86;1.79;-1.24;9.3;-100;-100;-100;-100;-100;-100;0.65;1.53;0.12;0.25;1.47;16.96;2.13;0.25;1.91;-0.56;-0.69;1.06;0.46;0.31;0.21;1.46;0.68;0.67;-0.17;1.82;-1.3;1.68;-0.18;21.86;;0.91;0.9;0.87;-0.59;0.38;1.92;2.34;0.22;3.04;-0.09;5.35;-100;-100;-100;-100;-100;-100;1.98;0.83;-0.35;2.06;0.27;40.47;;-0.64;0.86;3.88;-0.77;9.62;1.75;0.34;-0.18;1.77;2.33;11.69;;1.45;-2.2;1.37;-0.04;29.34;;-1.18;-0.2;1.23;1.01;4.48;;-0.82;0.42;1.42;-1.44;12.4;;3.15;-0.3;1.45;-0.32;8.05
2020-04-08;1.26;0.38;0.9;0.77;0.17;3.22;1.34;0.78;-1.38;1.48;-1.54;25.1;-100;-100;-100;-100;-100;-100;2.08;1.57;-0.41;3.89;-0.86;2.35;;0.11;-0.75;0.86;-0.92;0.35;0.77;-0.41;-1.09;1.02;-0.32;2.58;1;0.66;-2.14;1.97;-1.28;19.87;;0.78;-0.13;2.61;0.98;1.71;-100;;-2.2;0.68;1.06;2.98;1.27;-0.06;0.72;0.42;-0.02;0.14;0.8;0.08;0.71;0.8;0.66;1.33;0.95;1.31;-1.08;0.36;0.68;11.14;-100;-100;-100;-100;-100;-100;1.22;0.43;0.01;0.06;0.6;13.24;0.39;-0.32;-1.34;0.44;-1.28;3;1.1;-0.82;0.4;-0.54;0.07;0.97;0.63;-0.67;-0.48;-0.09;0.12;21.39;;0.01;-0.19;1.44;-0.96;0.95;-0.69;1.88;0.01;2.55;0.38;5.19;-100;-100;-100;-100;-100;-100;0.62;0.6;-0.25;1.87;0;30.51;;0.77;-0.11;1;-1.94;12.93;0.38;0.16;-0.7;1.17;-0.89;7.46;;1.65;-1.97;0.77;0.31;37.3;;-0.59;-1.87;0.61;0.18;8.41;;0.43;1.13;0.56;-1.77;15.52;;0.28;0.03;0.62;0.76;17.51
2020-04-15;2.33;-1.4;-0.1;0.98;0.56;1.89;0.77;-0.36;-1.71;0.09;0.45;19.42;-100;-100;-100;-100;-100;-100;1.54;0.19;-1.35;1.01;0.34;0.91;;-0.25;-0.85;1;-0.03;0.42;0.24;0.77;0.68;1.37;-0.74;0.81;0.25;-1.4;-1.92;1.76;0.55;13.36;;-0.95;0.18;0.38;0.03;-0.03;-100;;-1.41;-0.23;0.81;2.44;1.46;-0.82;0.77;0.28;-0.53;-0.44;0.82;0.19;0.93;-0.4;0.49;1.23;0.02;-1.46;-0.06;1.01;0.05;9.99;-100;-100;-100;-100;-100;-100;1.65;-0.92;0.09;0.38;0.25;8.97;0.88;0.17;0.35;0.31;-0.57;0.62;0.14;-0.88;0.6;0.25;0.95;2.77;1.03;-0.59;-1.33;-1;2.05;15.24;;-0.01;-0.15;0.3;-0.56;0.75;-0.51;-0.03;-2.3;1.72;0.55;3;-100;-100;-100;-100;-100;-100;0.81;-0.3;-0.64;1.28;-0.72;18.6;;1.33;1.23;-0.15;0.59;12.82;1.83;-1.57;-0.93;-0.18;1.23;6.35;;0.46;-1.7;-0.58;1.58;32.63;;-0.37;-1.27;-1.26;1.05;6.07;;-0.09;-0.29;-1.09;-0.33;14.48;;1.63;0.98;-0.36;1.4;14.18
2020-04-22;1.32;-0.39;-0.46;-1.66;-0.11;0.37;-0.06;-0.74;0.73;-0.89;0;12.41;-100;-100;-100;-100;-100;-100;-1.41;-0.52;-0.88;-0.14;-0.48;1.02;;-0.29;-1.83;-1.11;-0.57;1.36;1.41;-0.94;-0.31;-0.07;-0.8;2.17;0.17;-0.22;0.65;-0.57;0.7;4.77;;-0.78;0.24;0.44;-0.8;0.51;-100;;1.73;-0.09;0.18;0.05;0.29;-0.89;0.67;-0.64;0.81;-0.78;0.85;0.23;0.77;-2.43;0.9;0.76;0.15;1.07;0.44;0.33;-0.82;5.83;-100;-100;-100;-100;-100;-100;-0.24;-0.2;0.75;-1.03;-0.97;6.95;-0.01;-0.75;1.15;-1.7;0.34;0.29;-0.9;-1.32;-0.28;0.22;-0.25;-1.58;0.62;-0.36;-0.27;-1.85;1.43;11.6;;0.67;1.45;0.61;0.98;-0.28;-1.83;0.62;-1.23;1.06;0.33;2.39;-100;-100;-100;-100;-100;-100;0.82;-0.53;-0.09;-0.05;-0.84;9.37;;-1.22;1.76;-0.63;0.58;9.62;0.52;-0.52;0.25;-1.84;-0.21;2.38;;0.9;0.17;-1.42;0.4;26.66;;0.41;0.81;-1.73;1.13;5.35;;1.11;1.03;-1.29;-0.3;13.42;;-0.57;0.26;-0.47;-0.68;11.09
2020-04-29;0;-0.18;1.17;-0.76;-1.17;-1.29;-0.86;0.89;1.35;-1.83;-0.22;4.84;-100;-100;-100;-100;-100;-100;0.52;1.67;1.46;0.5;0.56;-0.06;;0.46;0.6;-1.35;0.68;0.8;0.4;-0.61;1.64;0.07;1.59;2.62;-0.33;0.56;0.17;-0.6;-0.55;-0.07;;-0.11;-1.56;-0.68;-0.69;1.01;-100;;1.84;-0.99;-0.35;-0.51;0.71;0.3;0.31;-0.18;0.57;-0.05;0.51;0.08;0.84;-4.36;0.62;0.44;0.39;1.58;-0.64;-1.25;0.46;3.34;-100;-100;-100;-100;-100;-100;0.52;-0.5;-0.08;-1.67;-1.64;4.41;-0.95;0.63;-0.05;-0.96;0.41;-1.01;0.06;-0.72;0.3;0.91;0.79;0.9;-0.96;0.02;0.01;-1.79;-0.03;6.26;;0.2;-0.45;0.05;0.07;-0.88;-1.43;-0.06;0.47;-0.05;0.42;1.08;-100;-100;-100;-100;-100;-100;-0.84;0.35;-0.18;-1.63;-0.3;4.32;;-0.3;1.15;0.34;-0.59;9.62;2.1;-0.38;0.17;0.19;0.55;-0.04;;1.04;0.61;-0.6;-1.06;18.66;;0.47;-0.09;-0.7;2.22;5.33;;-0.1;0.88;0.26;-0.43;10.4;;-0.14;1.1;-2.04;0.38;5.86
2020-05-06;0.29;0.46;0.09;-1.44;-0.35;-0.33;0.09;0.95;0.38;0.29;0.5;5.17;-100;-100;-100;-100;-100;-100;-0.13;1.4;0.3;0.29;0.21;-0.68;;0.36;1.8;-1.23;-0.62;1.04;0.61;-0.93;1.35;-0.84;-1.06;0.86;-0.27;0.85;-0.17;-0.89;0.68;-0.68;;-0.04;1.07;1.01;1.03;0.82;-100;;0.28;-0.74;-1.07;0.67;1.07;0.13;-0.36;-1.89;0.39;-1.16;0.42;0.4;0.4;-1.58;0.53;0.61;0.07;-0.34;-0.45;-2.62;1.67;2.35;-100;-100;-100;-100;-100;-100;0.43;0.58;-0.12;-1.38;0.69;3.46;-0.21;0.38;0.02;0.2;-1.14;0.94;-0.99;0.38;0.39;0.04;0.53;0.65;0.13;2.79;0.69;-1.5;-0.14;2.13;;-0.87;-0.25;-0.29;0.65;-1.16;0.3;-0.83;-1.42;-0.16;-0.23;1.36;-100;-100;-100;-100;-100;-100;-0.04;-0.43;0.28;-0.07;-0.03;2.44;;-0.44;2.08;-0.82;0.44;9.28;-0.3;-0.72;0.23;-0.2;0.99;-1.31;;0.04;1.03;-0.67;-0.64;13.2;;-0.62;0.25;-0.25;0.82;3.02;;0.25;1.61;-1.79;1.71;8.43;;0.43;0.05;-0.66;0.26;4.42
2020-05-13;0.59;0.27;1.38;-2.12;0.86;-0.68;-0.6;-0.63;2.2;-1.01;0.77;1.11;-100;-100;-100;-100;-100;-100;-1.56;-0.9;1.2;0.51;-1.42;-2.36;;0.02;0.33;0.93;1.95;0.15;-1.19;-0.38;0.38;-0.44;-0.36;2.06;-1.27;0.23;0.33;-0.56;1.38;-1.6;;-0.4;2.21;0.14;0.12;0.03;-100;;0;-0.11;-0.48;-0.33;-1.01;-0.42;-1.19;-0.84;0.16;1.31;-0.03;0.39;0.35;-0.78;0.22;0.77;1.77;-1.25;-0.61;-0.9;-0.27;1.6;-100;-100;-100;-100;-100;-100;-0.54;-1.54;1.39;-1.48;0.97;1.41;-1.41;0.65;-1.27;-0.5;-0.1;-0.34;-1.57;-0.03;-0.52;0.98;-0.23;0.51;0.17;-0.36;1.01;-1.63;0.74;-0.07;;1.79;-1.39;-1.05;-1.07;-2.83;0.09;1.56;-1.23;1.21;-0.82;0.24;-100;-100;-100;-100;-100;-100;0.61;0.71;0.21;-0.17;-0.68;-1.12;;-0.53;-0.4;-1.87;-0.59;6.9;-0.32;0.1;0.5;-1.95;0.1;-1.83;;0.12;0.88;-0.94;0.37;7.95;;0.68;1.71;-1.49;0.88;2.2;;-0.9;0.49;-0.25;0.77;3.86;;-0.15;-0.25;-0.38;0.94;1.81
2020-05-20;-0.25;1.23;-1.59;-1.35;0.32;-0.73;-0.69;-0.18;1.11;0.35;0.58;1.86;-100;-100;-100;-100;-100;-100;0.18;0.19;-0.84;-1.37;-1.14;-1.52;;-0.46;0.44;-0.07;1.39;0.02;-0.78;1.62;0.35;-1.91;-1.72;-1.4;-1.2;0.27;0.42;1.44;1.13;0.38;;-1.87;-0.79;0.14;-0.01;0.54;-100;;-0.32;-1.94;-0.26;0.82;-0.55;-0.97;-1.29;-1.39;-0.22;0.42;-0.06;0.01;-0.02;-1.26;0.54;-0.02;0.52;0.37;0.42;1.16;-0.2;-0.63;-100;-100;-100;-100;-100;-100;-0.84;0.13;0.87;-0.8;0.28;1.32;-0.77;1.35;0.14;0.96;0.71;-0.17;1.06;-0.33;-0.56;0.59;-1.82;-1.51;-1.43;0.41;0.97;-0.53;1.66;0.17;;-0.48;0.48;-1.27;-0.37;-0.37;-1.12;0.87;-0.04;0.32;-0.75;0.57;-100;-100;-100;-100;-100;-100;-0.48;-0.2;1.31;0.18;-0.52;-0.17;;-0.39;1.32;-1.93;-1.41;6.26;-0.68;1.46;0.18;0.71;1.47;-0.82;;-1.09;1.46;-0.47;1.14;5.7;;-0.9;-0.01;-1.46;-0.21;1.9;;-0.12;0.87;-0.28;-0.7;3.45;;-0.52;1.88;0.68;-2.18;0.59
2020-05-27;-1.96;-0.36;0.75;-0.32;0.56;-1.62;-0.91;-0.34;1.18;0.66;0.09;0.76;-100;-100;-100;-100;-100;-100;0.47;-0.47;-0.52;-0.1;-0.8;-1.8;;0.09;-0.6;-0.76;-0.08;1.54;-0.22;0.59;0.11;-1.17;-1.48;-0.28;-0.59;-0.95;-0.92;0.78;-0.14;-2.05;;-0.17;0;0.98;0.5;-0.86;-100;;1.04;-1.1;0.37;0.68;-1.43;0.33;0.23;0.09;0.39;-2.08;-0.37;0.12;0.59;-3.66;0.1;0.3;0.5;0.8;-1.12;0.38;2;0.3;-100;-100;-100;-100;-100;-100;-0.87;-1.5;-0.27;-0.32;0.6;-0.39;0.74;0;-0.7;-2.24;0.76;-0.33;-0.74;0.89;0.54;0.18;1.28;0.45;0.01;0.35;0.34;0.99;0.25;-0.09;;-0.98;-1.14;1.27;-0.62;-2.88;0.98;1.31;-1.14;-0.58;-0.06;3.8;-100;-100;-100;-100;-100;-100;-0.84;-0.07;-1.04;-0.43;0.32;-0.09;;-0.03;1.28;-1.19;-0.08;1.86;-1.22;-0.19;-1.08;-0.62;1.04;-2.74;;0.04;-1.73;-0.1;-0.04;3.29;;1.19;0.76;-1.8;-1.23;2.36;;-0.34;0.63;0.54;-0.51;2.86;;-0.36;-1.45;0.16;0.47;1.49
2020-06-03;0.55;-0.84;-1.72;-0.03;1.52;-0.21;-0.12;-0.4;-1.28;-1.54;0.65;-1.57;-100;-100;-100;-100;-100;-100;0.03;-1.35;0.01;0.65;0;-1.77;;-1.09;0.94;-0.39;1.22;-0.22;-0.95;-1.02;1.4;-0.91;1.82;-0.37;1.21;0.52;-1.95;-0.36;-0.33;-1.82;;-1.83;-0.3;0.16;0.93;-0.08;-100;;-0.67;-0.67;0.54;0.52;-0.23;-0.99;-0.31;0.79;0.47;-0.93;0.49;0;-0.23;-1.21;0.56;0.96;-0.96;0.49;-1.72;-0.28;-1.11;-1.13;-100;-100;-100;-100;-100;-100;2.35;0.43;-1.29;-1.62;2.72;1.49;0.47;-0.75;0.56;1.68;-0.8;-0.71;0.25;-0.81;-0.52;0.39;-1.11;0.17;-0.52;-0.61;-0.4;0.02;0.54;-0.36;;-1.14;0.3;-0.08;-0.63;-2.39;-0.03;0.46;-0.86;0.7;-1.28;0.53;-100;-100;-100;-100;-100;-100;0.62;1.59;-1.09;-1.08;0.2;-1.97;;-1.51;0.54;-0.29;0.41;3.99;0.62;-1.15;-1.37;-0.03;1.32;-0.9;;0.83;-1;-1.3;-0.82;2.47;;-0.58;0.31;0.74;0.18;0.76;;0.5;0.9;-2.46;-0.94;0.19;;0.2;0.93;0.09;-0.1;0.37
2020-06-10;1.73;-1.08;0.64;-0.62;2.04;-0.62;0.8;-0.57;-0.11;-2.21;-0.78;0.13;-100;-100;-100;-100;-100;-100;2.05;-1.25;1.48;-0.77;-0.7;-0.56;;0.02;-0.43;0.79;-1.04;0.41;-0.31;0.22;1.6;-0.99;-0.93;0.38;0.21;-1.09;-0.63;-1.01;0.37;-1.13;;-0.56;0.22;-0.31;1.5;0.9;-100;;0.63;-1.78;-0.3;0.27;-0.05;0.33;-0.05;0.09;2.4;-0.15;0.04;-0.3;-0.15;0.21;1.65;0.69;0.38;-0.86;0.22;-0.22;0.15;-0.63;-100;-100;-100;-100;-100;-100;0.99;-0.41;0.89;0.22;2.14;-0.43;0.07;0.96;1.03;-0.4;-1.21;-1.22;0.95;-0.6;-0.83;1.68;1.56;-0.61;0.74;0;0.09;-1.26;-0.31;-0.02;;0.99;1.12;-1.32;0.48;-0.47;-0.56;-0.68;1.19;0.43;-0.72;-1.14;-100;-100;-100;-100;-100;-100;0.15;0.12;2.45;-0.49;-1.78;-2.88;;0.28;1.25;-1.18;-1.45;3.89;0.7;-0.82;-0.97;-1.3;-0.39;-1.27;;0.26;1.4;-0.08;0.39;1.4;;1.08;-0.8;-1.55;1.31;-0.58;;-0.36;0.48;-1.26;0.03;-0.52;;0.08;0.42;-1.73;-1;0.89
2020-06-17;-1.8;0.8;1.58;-0.15;-0.05;-1.34;-0.38;0.69;3.38;-1.05;0.51;-0.72;-100;-100;-100;-100;-100;-100;-1.1;0.92;0.33;-0.73;1.11;-1.96;;-0.01;-1.37;0.52;0.66;0.79;1.04;0.18;1.18;0.2;-0.18;2.52;-0.59;0.85;2.92;-0.47;0.91;-0.98;;0.6;-1.37;0.35;0.77;-0.55;-100;;1.38;-1.62;-0.79;-0.1;0.95;5.42;0.25;-0.6;1.25;0.96;-0.77;0.81;0.29;0.06;0.33;-0.03;-0.07;-1.03;0.18;-1.71;2.22;-1.22;-100;-100;-100;-100;-100;-100;-0.81;0.41;0.56;1.53;0.57;-0.36;0.66;0.67;-0.13;-1.86;-0.94;0.23;-1.03;0;-1.29;-0.08;0.32;-0.16;-0.54;-0.07;0.06;-0.51;0.46;0.21;;1.05;1.77;-0.44;0.37;0.18;0.39;1.02;3.33;2.59;-0.07;-0.15;-100;-100;-100;-100;-100;-100;-0.6;0.29;3.44;2.01;-0.12;-1.77;;1.08;-0.28;-0.09;0.59;3.24;-0.82;2.15;0.9;-1.02;0.62;-1.24;;-0.19;1.97;-0.7;0.12;0.19;;0.08;-0.35;-0.03;-0.12;-0.21;;0.79;-0.64;0.3;1.15;0.54;;-0.77;1.62;-0.67;-0.77;-0.45
2020-06-24;-0.25;-1.21;0.72;0.24;0.65;-0.77;-0.42;-0.41;-0.96;1.43;1.63;1.38;-100;-100;-100;-100;-100;-100;-1.42;-1.32;-0.75;-1.56;0.53;-0.65;;0.04;0.43;-0.19;-0.1;1.15;-0.12;1.73;1.26;0.09;-1.32;1.51;1.29;-0.1;-1.85;2.8;3.54;1.5;;-0.25;-0.54;-1.88;0.99;0.84;-100;;0.75;0.49;1.95;-0.59;-1.21;1.53;4.11;-0.73;1.69;-0.18;-0.46;0.23;-0.24;-0.14;0.36;0.79;-0.63;-0.62;-0.74;1.63;-0.86;-0.8;-100;-100;-100;-100;-100;-100;-0.69;1.21;0.13;-1.56;2.94;1.93;-1.13;-1.95;0.34;0.32;2.14;-0.81;-0.95;-2.1;0.59;0.62;1.47;-1.76;-0.53;0.2;1.01;-0.08;2.33;-0.03;;0.03;0.99;1.6;1.6;-1.49;-0.96;0.82;-0.92;0.66;0.09;2.17;-100;-100;-100;-100;-100;-100;0.19;1.14;0.33;2.15;0.64;0.48;;0.74;1.63;2.68;0.51;3.22;1.52;0.7;0.26;0.31;1.42;-0.48;;-0.12;-0.34;1.77;0.46;2.11;;1.4;1.33;0.68;0.36;0.21;;0.07;1.35;0.36;0.07;0.16;;-1.04;-0.95;2.17;0.27;1.27
2020-07-01;1.71;-1.39;0.69;0.78;1.58;1.39;5.34;0.58;0.77;3.29;1.14;-1.26;-100;-100;-100;-100;-100;-100;0.11;-0.83;-1.69;1.28;-1.63;-0.15;;-0.99;1.4;-2.23;-0.35;0.27;2.36;-1.38;-0.04;0.48;-0.04;0.98;5.35;1.62;2.03;2.45;1.72;-2.33;;-0.83;-1.35;-0.03;-0.28;-0.64;-100;;1.3;0.17;-1.25;-0.54;-1.13;0.45;2.9;1.55;1.41;3.15;0.3;-0.54;-0.26;0.14;0.37;1;-0.27;-0.17;0.22;1.51;0.86;-2.17;-100;-100;-100;-100;-100;-100;1.36;0.25;-0.61;0.45;2.19;1.69;1.14;0.81;-0.53;0.66;-0.23;-0.57;-0.62;0.87;0.53;0.3;-0.56;1.3;3.31;1.36;1.19;1.41;1.15;-0.17;;2.53;2.1;2.73;0.95;-1.23;-1.3;1.2;-0.44;-1.26;-0.05;1.56;-100;-100;-100;-100;-100;-100;4.59;2.28;0.39;0.75;3.29;1.25;;0.97;1.32;2.01;1.16;1.62;3.8;-1.15;0.11;-0.32;1.84;-0.54;;2.11;1.06;1.33;0.43;-1.18;;-0.02;1.27;-1.84;1.21;-0.59;;0.76;1.76;0.87;-0.71;-1.89;;1.19;0.32;1.75;-0.18;-0.16
2020-07-08;1.62;-1.44;-0.56;-0.14;-1.49;-1.43;0.24;1.18;0.19;0;-0.83;-2.39;-100;-100;-100;-100;-100;-100;0.37;-1.5;-0.39;0.03;-1.04;-1.26;;0.02;-1.02;0.87;0.84;0.64;-0.54;0.2;-0.44;1.06;0.98;-0.39;1.76;0.41;0.01;0.6;0.34;-1.18;;-0.49;-0.3;-1.22;0.36;-0.75;-100;;-1.36;-0.86;0.02;-1.09;1.45;0.75;2.14;0.18;0.78;0.75;0.64;0.06;0.23;0.34;-0.29;0.78;-0.05;-0.16;-1.01;-0.85;-1.42;-1.37;-100;-100;-100;-100;-100;-100;4.44;0.18;0.43;-0.54;0.02;0.58;2.2;0.93;1.22;-1.09;1.37;-0.55;0.21;2.01;-2.08;0.23;1.11;0.28;0.23;0.64;-0.94;0.81;1.68;-0.29;;1.61;-0.2;1.34;0.98;-1.78;0.12;1.52;-0.32;-1;0.09;3.77;-100;-100;-100;-100;-100;-100;5.74;1.9;0.76;1.32;1.04;1.83;;2;0.78;1.83;1.56;1.81;5.21;0.55;-1.55;-2.04;1.07;-0.72;;0.79;-0.65;-0.04;-0.06;-0.84;;0.92;0.91;0.89;-0.44;-0.69;;0.93;0.26;-0.8;0.56;0.44;;0.72;1.01;0.46;-0.02;0.21
2020-07-15;1.57;1.04;1.31;1.74;-0.01;-0.48;-1.06;2.64;0.19;2.31;0.6;0.34;-100;-100;-100;-100;-100;-100;-0.39;0.75;-0.41;0.65;-0.08;0.74;;0.52;-1.16;2.63;1.41;1.09;-0.46;0.56;-0.15;3.06;0.64;1.53;1.04;3.45;0.34;1.56;0.14;-1.37;;0.12;-1.06;-0.33;-0.5;-0.28;-100;;1.2;0.25;1.23;-0.48;1.04;-0.61;-0.06;1.62;-0.38;-0.3;0.18;-0.25;0.14;0.24;0.45;1.36;-0.6;1.24;-0.48;0.53;-1.07;0.04;-100;-100;-100;-100;-100;-100;4.84;0.17;-1.07;-0.13;-0.87;0.1;-0.04;0.82;0.59;-0.41;-0.1;-0.44;-1.06;-0.84;-0.4;1.26;-1.11;0.81;0.06;2.21;1.1;1.24;-0.42;-1.33;;-0.17;2;1.33;1.39;1.15;0.14;1.9;-0.5;-0.45;-0.6;8.36;-100;-100;-100;-100;-100;-100;5.13;1.73;1.05;0.36;0.25;1.37;;2.36;0.94;4.63;0.34;0.99;3.81;2.15;-0.06;1.3;0.65;-1.95;;2.87;-0.22;0.26;-0.27;0.3;;1.94;-0.92;-0.46;0.55;-0.12;;0.81;-1.16;-1.74;-0.19;-0.32;;2.84;1.3;-0.74;-0.62;0.31
2020-07-22;4.12;0.37;0.16;0.89;1.96;-0.43;-1.77;1.19;0.81;3.93;6.37;-0.42;-100;-100;-100;-100;-100;-100;0.75;0.65;-0.82;3.7;0;-1.47;;0.29;1.68;1.68;3.08;2.2;-0.58;0.65;0.31;2.63;2.1;0.1;0.11;-0.47;0.16;3.57;4.47;-0.15;;0.37;-0.36;2.74;1.09;0.7;-100;;0.34;2.6;4.95;1.2;3.28;1.51;0.37;0.52;1.4;0.46;0.99;-0.02;-0.36;0.65;1.07;3.11;-2.04;0.59;-1.11;-0.5;-1.03;-1.57;-100;-100;-100;-100;-100;-100;6.18;-0.37;-0.26;0.63;1.66;-0.16;-0.95;0.17;2.04;1.19;0.33;-0.33;1.42;-0.68;0.65;0.93;0.83;0.36;-0.11;-0.41;-0.21;2.03;4.71;0.48;;1.08;1.15;2.7;0.49;0.34;-0.36;3.14;-0.23;-0.11;-0.25;6.14;-100;-100;-100;-100;-100;-100;3.76;1.54;0.54;0.37;0.8;2.38;;2.7;0.18;2.98;0.96;1.23;1.03;0.87;-0.81;1.24;1.84;-1.05;;0.14;-0.09;1.88;2.7;0.09;;0.88;-0.74;-0.17;-1.63;1.9;;-0.05;0.12;-1.73;0.69;-0.06;;1.06;1.15;-0.07;0.73;0.2
2020-07-29;1.16;-0.17;3.97;3.44;0.26;0.97;-1.38;-0.42;-0.04;4.35;1;1.62;-100;-100;-100;-100;-100;-100;0.33;-0.98;-0.76;3.14;-0.58;-0.44;;-1.93;0.69;3.15;-0.57;2.36;-1.04;-0.75;-0.18;3.42;-0.74;0.7;-0.95;-1.45;0.78;2.29;-0.75;0.89;;-0.52;1.36;6.48;0.78;1.28;-100;;1.6;5.85;1.44;3.13;3;1.77;1.57;0.86;1.73;3.61;-1.06;-0.25;1.37;0.93;0.03;1.62;-1.49;-1.55;-0.04;-1.22;-1.78;-2.67;-100;-100;-100;-100;-100;-100;1.12;-0.88;3.15;2.17;-1.29;2.05;0.94;0.04;-0.75;1.8;-0.32;1.72;1.21;-1.34;2.37;-0.05;1.22;1.35;-0.83;-0.9;-0.99;1.95;1.41;0.32;;0.71;0.12;-0.38;1.36;0.97;0.14;0.82;-0.75;4.71;-0.27;3.64;-100;-100;-100;-100;-100;-100;2.11;1.98;2.59;2.83;-0.26;5.39;;1.53;1.05;4.35;0.51;1.49;0.19;-0.79;0.95;2.12;-1;1.42;;0.27;-0.03;0.05;0.12;-0.05;;-0.4;0.85;2.07;-0.19;0.09;;-0.43;0.27;-1.76;-0.04;0.09;;2.44;0.68;-0.43;-1.18;-0.34
2020-08-05;2.09;-0.83;-1.01;2.17;-0.31;-0.89;1.57;-0.66;0.1;3.06;-1.2;2.74;-100;-100;-100;-100;-100;-100;-0.16;0.23;-0.35;2.01;-1.04;-1.35;;0.63;2.03;2.44;0.47;1.21;-1.23;-0.19;0.65;-0.61;0.32;-0.39;2.06;-1.83;-1.32;2.12;-0.11;0.39;;-0.8;-0.17;4.01;0.29;2.78;-100;;1.23;4.21;0.49;0.87;2.27;1.07;4.35;1.3;1.8;2.49;0.12;-0.61;0.05;0.81;0.04;0.56;0.31;-0.58;0.15;-0.49;-2.61;-1.46;-100;-100;-100;-100;-100;-100;2.15;-2.09;3.2;3.42;-0.1;2.05;-0.51;-0.09;-1.35;1.88;0.41;2.19;0.35;0.14;2.27;-0.42;1.59;1.37;-0.2;-0.26;0.78;1.76;0.13;0.02;;1.83;1.61;0.11;-0.02;0.1;0.45;3.6;-1.02;4.3;-0.32;2.22;-100;-100;-100;-100;-100;-100;1.33;1.14;1.08;4.2;0.75;4.95;;1.5;1.32;-0.6;1.44;1.83;1.84;-0.03;-1.49;1.17;-1.09;-1.21;;0.49;0.92;-0.88;-0.61;0.69;;1.43;0.53;-1.27;0.23;0.69;;0.07;0.01;-0.27;-0.68;-1.44;;0.76;-0.09;-2.26;0.46;1.01
2020-08-12;4.99;-0.25;-0.56;0.42;-0.62;1.96;-0.41;1.79;-0.74;0.78;-0.83;13.27;-100;-100;-100;-100;-100;-100;0.56;-0.58;-0.99;1.38;-1.43;-0.26;;0.85;-0.31;-1.64;3.32;1.84;0.89;0.39;0.33;1.08;-0.84;0.3;0.13;0.24;-0.9;-1.69;-2.14;3.97;;1.23;0.33;3.27;-0.29;2.86;-100;;1.81;0.92;-1.79;3.52;1.42;0.44;1.46;1.21;1.59;1.4;1.33;-0.35;-0.49;0.08;0.07;0.41;1.21;0.17;-1.29;-1.89;-0.64;-0.8;-100;-100;-100;-100;-100;-100;1.27;0.21;-0.2;-0.52;-0.85;2.35;0.8;0.32;-0.58;1.03;0.28;1.88;-0.16;0.78;0.19;0.23;-0.24;2.41;-0.46;-0.2;-0.78;-0.05;-0.18;6.61;;0.88;0.47;0.11;0.82;-0.05;-0.41;1.07;-0.4;1.18;-1.15;0.42;-100;-100;-100;-100;-100;-100;1;0.68;0.58;0.76;-0.12;4.06;;1.13;1.09;0.3;0.21;0.77;1.28;0.22;-0.93;0.17;-1.13;0.14;;0.3;0.69;-0.9;-0.7;4.13;;0.58;-1.09;-0.05;-0.74;-0.31;;-0.07;1.24;-1.48;0.61;-1.45;;1.43;1.43;-0.8;-0.94;0.82
2020-08-19;-0.46;-0.31;1.22;0.8;0.33;-0.27;-1.7;3.66;1.42;-0.23;-0.01;5.23;-100;-100;-100;-100;-100;-100;-0.51;0.85;0.24;0.39;0.56;0.02;;0.53;0.25;-0.09;-0.68;0.22;0.56;1.42;-1;-0.14;0.74;1.01;-0.78;1.2;0.17;0.27;-0.65;-0.5;;0.75;-1.81;0.05;-0.4;0.16;-100;;0.56;2.23;-0.67;1.14;0.35;-0.1;-0.22;1.11;1.01;1.45;-1.23;-0.26;-0.41;0.59;0.05;0.16;1.02;-1.66;0.37;-0.92;-0.11;-1.23;-100;-100;-100;-100;-100;-100;-0.84;-0.92;-1.1;0.11;-1.14;1.14;0.98;-0.27;-0.06;-2.61;-0.95;-0.2;-1.11;1.15;0.31;0.72;-1.71;2.52;-0.65;1.33;-0.86;-0.05;-0.22;2.31;;-0.18;1.41;1.99;-1.03;0.71;0.06;1.31;1.71;1.38;0.76;1.29;-100;-100;-100;-100;-100;-100;-0.41;0.94;1.06;0.06;-1.32;2.93;;0.97;0.47;0.1;0.86;1.62;0.16;-0.75;0.75;-0.94;1.24;-0.73;;0.83;1.11;-1.46;0.45;-1.82;;-0.29;0.45;0.05;-0.52;1.1;;0.53;-0.31;-2;-0.38;0.03;;0.74;-0.57;0.56;1.29;0.22
2020-08-26;1.22;-0.21;-1.2;-0.04;0.89;-0.15;0.23;-0.16;1.15;-0.17;2.12;3.26;-100;-100;-100;-100;-100;-100;-0.95;-0.94;-0.34;-0.72;0.41;-0.99;;0;1.99;-0.81;0.05;1.84;0.5;1.29;-0.03;-0.22;-0.07;0.45;-0.31;-0.56;-0.13;-0.8;1.1;-0.78;;0.15;-0.5;1.34;3.05;-0.98;-100;;0.36;-0.12;1.53;-0.18;0.18;-0.35;-0.05;0.5;1.59;0.99;-0.34;-0.03;-0.16;0.5;0.51;0.01;-1.61;-0.51;0.83;-0.21;0.05;-1.34;-100;-100;-100;-100;-100;-100;-0.99;-1.49;0.22;-0.53;-1.74;0.68;0.18;1.73;0.12;-0.11;0.2;-1.27;0.98;-0.28;-0.23;0.96;0.37;1.6;-0.71;-0.21;-0.6;-1.35;1.68;0.84;;1.1;0.92;0.54;2.54;-0.31;-0.82;0.85;-1.63;-1.2;0.07;1.91;-100;-100;-100;-100;-100;-100;0.31;0.82;0.19;-0.66;-1.3;3.02;;2.96;1.05;1.43;2.51;0.11;0.47;-0.78;-0.41;0.3;-1.32;-0.96;;-1.6;-0.66;-0.79;0.27;-1.3;;0.86;0.19;-1.44;-0.49;-0.24;;1.44;-0.8;-2.09;-1.17;-0.91;;-1.84;-0.58;1.17;-0.02;-1.25
2020-09-02;-0.43;-1;-1.54;-1.05;-0.56;0;-1.64;-0.64;0.32;0.71;-0.24;3.21;-100;-100;-100;-100;-100;-100;-1.67;0.32;-0.83;0.24;0.19;0.17;;0.43;-0.6;0.49;-0.44;0.69;-0.52;0.81;1.27;-0.58;-0.14;0.08;-1.41;-0.8;-2.57;0.41;-2;-0.53;;-0.47;-0.93;0.9;-0.53;-1.2;-100;;0.39;0.76;-1.46;0.75;1.76;-0.13;-0.82;0.63;-0.06;1.08;-0.56;-0.36;-0.41;1.51;-0.13;0.02;1.11;0.97;-0.3;-0.88;-1.23;-1.51;-100;-100;-100;-100;-100;-100;1.02;-1.22;-1.33;-0.46;-0.67;0.43;-0.09;-0.03;-0.04;1.01;-0.17;0.76;0.58;1.1;-0.26;-0.34;1.8;1.58;-1.09;-0.51;-0.83;-0.5;-1.31;-0.01;;2.07;-0.09;-0.41;-0.03;-0.15;0.25;0.57;-0.75;-0.28;0.58;1.77;-100;-100;-100;-100;-100;-100;-1.26;1.2;-1.51;-0.7;-0.97;2.24;;0.5;1.17;1.84;-1.56;0.28;-0.19;0.13;-0.85;-0.53;-0.92;-1.23;;-1.28;0.42;-1.03;-0.86;0.32;;0.24;-1.33;-0.32;0.09;-0.87;;-0.67;-0.51;-0.7;0.3;-0.2;;0.15;0.05;-0.02;-0.73;-1.58
2020-09-09;0.62;-0.97;0.24;-0.04;-0.85;0.93;0.07;0.7;-0.69;-0.96;-0.66;2.58;-100;-100;-100;-100;-100;-100;-0.71;-0.5;1.29;-0.68;-0.29;-0.55;;0.32;-0.65;-0.57;-1.08;-0.63;0.3;-1.35;1.77;-1.76;-0.04;2.69;-0.53;-0.72;-1.17;0.14;-0.75;1.08;;-0.29;0.36;0.6;-1.56;-1.37;-100;;0.52;1.36;0.69;-0.33;0.23;-0.7;0.15;-0.29;-0.35;0.78;-0.58;0.05;-0.14;4.18;-0.36;0.23;1.43;0.36;1.27;0.47;-0.03;-1.19;-100;-100;-100;-100;-100;-100;0.13;-0.86;-0.58;-0.99;-0.66;0.29;1.28;-0.31;0.34;-1.56;0.52;-0.92;0.68;-0.09;-0.04;1.14;0.06;0.53;-0.18;1.04;0.59;-1.62;-0.43;0.45;;0.23;0.05;-0.46;-0.57;2.16;0.32;-1.58;-0.65;-0.96;-1.1;3.63;-100;-100;-100;-100;-100;-100;-1.04;-1.52;-1.44;-1.12;-1.02;3.25;0.16;-0.37;0.77;-0.4;0.48;0.17;0.51;-1.98;-0.19;0.46;0.72;-0.48;;-0.93;-0.07;-0.88;0.42;-0.39;;-0.52;1.26;-1.27;-1.19;1.26;;-0.41;-0.44;-0.78;-0.14;-0.64;;0.77;-0.02;0.61;0.43;-1.14
2020-09-16;0.52;-1.58;-0.45;-0.89;-0.24;0.61;-1.28;-2.39;-0.1;1.2;0.18;3.27;-100;-100;-100;-100;-100;-100;-0.16;-1.65;0.41;0.76;0.95;1.9;;0.66;-0.6;0.85;0.18;2.24;0.49;0.86;-1.22;0.29;0.31;0.65;-0.77;-1.11;0.75;-0.64;0.52;2.65;;-1.86;1.12;0.54;-0.1;-1.78;-100;;1.13;0.26;-0.75;1.31;-0.45;-1.38;-0.85;-0.08;-0.19;0.79;-0.12;-0.34;-0.05;1.57;-0.16;0.56;-1.36;0.04;1.14;-0.08;-0.69;-3.8;-100;-100;-100;-100;-100;-100;-0.17;-1.59;0.3;-0.38;-1.9;2.14;-0.31;-2.49;-0.05;-1.86;-0.72;1.16;-0.41;1.02;-2.29;-0.29;-0.89;0.59;-0.05;-2.08;0.5;0.22;-1.44;0.04;;-1.21;-0.83;0.06;0.66;1.8;-1.4;-0.09;-0.93;-0.22;-0.11;2.2;-100;-100;-100;-100;-100;-100;-1.43;-0.29;0.13;0.29;-1.16;3.67;0.01;-0.73;-0.11;1.64;-0.29;-0.4;-1.08;-0.38;1.31;-0.97;1.49;-1.08;;-2.65;1.14;-0.74;0.11;0.59;;-1.42;0.5;0.39;0.51;1.17;;-1.4;1.7;-0.78;2.41;-1.47;;-0.93;1.15;0.19;0.63;-0.52
2020-09-23;-0.46;-0.48;0.56;-0.66;1.61;-0.11;-0.28;-0.23;0.68;-1.03;-0.31;2.51;-100;-100;-100;-100;-100;-100;0.76;0.73;0.36;-0.85;0.58;-0.85;;1.08;-0.68;0.24;0.22;3.21;-1.1;0.11;-0.39;0.38;0.76;0.89;0.12;-0.75;2.05;-1.11;-1.29;-1.38;;0.77;-0.3;-1.22;0.47;-2;-100;;1.05;-0.79;-0.85;1.44;-0.96;-0.78;-1.26;-0.73;-0.33;0.04;-0.97;0.1;0.01;0.2;0.31;0.13;1.67;0.66;-0.73;-0.6;-0.33;-3.04;-100;-100;-100;-100;-100;-100;-0.6;0.69;1.54;-0.7;0.07;-0.47;-0.37;-0.33;0.85;0.83;1.12;-0.24;-0.32;0.83;-1.21;0.29;-1.62;2.11;0.39;-0.29;-0.32;-0.12;0.39;1.7;;0.5;-0.23;-0.9;2.65;1.81;0.42;-0.08;0.84;-0.79;-1.21;-0.54;-100;-100;-100;-100;-100;-100;-0.44;-0.09;1.42;0.47;-1.15;3.15;0.83;0.05;-0.93;-0.34;1.29;0.04;0.06;0.13;0.58;-0.39;-0.08;-1.16;;-1.07;1.29;-0.09;0.31;0.72;;1.35;0.23;0.87;-0.2;1.09;;0.75;-0.77;-0.79;0.86;0.38;;-0.82;-0.52;0.04;0.83;1.98
2020-09-30;0.61;-0.3;0.32;1.17;0.59;0.28;-0.02;-0.55;0.13;0.49;1.37;2.43;-100;-100;-100;-100;-100;-100;0.42;-1.55;0.32;1.57;-0.48;-0.21;;0;-0.36;-0.56;1.39;1.64;-0.92;0.06;0.63;0.94;0.91;-4.45;0.58;-0.45;0.62;1.23;-0.12;0.81;;0.16;0.93;-0.07;-1.14;-1.96;-100;;-0.5;-0.55;0.13;0.61;-1.49;-0.07;-0.24;0.32;0.08;0.31;-0.86;0.15;0.3;0.67;-0.83;-0.75;-0.46;-0.54;0.27;-0.07;-0.63;-3.04;-100;-100;-100;-100;-100;-100;-0.17;-1.33;1.39;-0.38;-0.2;1.65;-1.59;0.58;0.36;0.97;0.95;0.68;-1.33;-0.13;-0.6;0.1;0.4;1.1;0.82;-0.32;-0.96;0.95;-0.33;2.53;;0.39;0.05;-0.58;-0.94;-0.45;0.97;-0.11;1.12;-0.27;-0.34;1.98;-100;-100;-100;-100;-100;-100;-0.94;-0.12;1.21;0.08;-1.36;2.91;0.81;-0.49;1.61;0.1;0.66;-1.02;0.92;1.59;1.53;-0.33;-0.36;-1.29;;0.11;0.7;-0.63;0.32;1.73;;0.91;0.7;-0.43;-0.99;1.31;;-0.95;0.93;-0.44;0.4;-0.9;;-2.17;1.55;-0.53;-0.83;-0.4
2020-10-07;-0.97;0.95;0.67;-0.1;1.2;-0.32;0.49;1.32;1.4;0.81;-0.1;3.69;-100;-100;-100;-100;-100;-100;-1.24;1.87;0.56;0.07;1.08;-1.11;;-0.34;-1.12;0.96;-1.39;-0.82;-0.1;1.6;-1.32;-0.29;1.88;-5.04;1.86;1.31;0.82;1.26;-0.12;-6.14;;0.24;2.15;-0.46;-1.03;-1.88;-100;;1.65;-0.46;1.02;0.33;0.25;-0.34;0.48;0.83;-0.67;-0.21;-0.39;0.42;0.44;0.6;-3.44;-2.25;1.7;-0.35;0.64;-0.26;-0.15;-2.47;-100;-100;-100;-100;-100;-100;0.86;1.19;0.6;-0.31;0.51;-1.6;-0.73;0.83;2.04;1.21;0.26;-0.35;-0.58;1.18;0.49;1.15;-1.75;0.85;-0.04;2.38;0.22;0.05;1.73;0.57;;-0.14;0.93;-1.3;1.17;-0.84;-0.74;-0.15;-0.53;0.16;-1.17;1.59;-100;-100;-100;-100;-100;-100;0.04;-0.52;0.08;0.64;-0.09;7.85;-1.68;0.37;0.87;1.54;0.62;-1.71;-0.86;1;0.67;-0.38;0.37;0.18;;0.58;1.2;0.92;1.57;-1.29;;-0.56;0.75;0.48;0.21;-3.44;;-0.11;1.98;-0.02;2.06;-1.57;;0.07;1.94;0.17;0.6;-6.91
2020-10-14;0.19;1.76;-0.66;-0.34;-0.46;;0.73;0.58;0.5;0.07;-0.01;;-100;-100;-100;-100;-100;-100;-0.07;2.08;-0.23;-1.23;-0.5;;;1.11;-0.59;-0.43;0.13;;0.19;-0.4;0.21;-1.27;0.71;;0.48;1.64;-1.05;-1.15;-0.06;;;1.58;1.15;-1.41;0.11;;-100;;0.29;-0.01;0.15;;0.01;0.23;0.69;0.09;-0.33;;0.05;0.25;-0.07;0.31;-0.82;;0.97;-0.44;0.88;0.91;0.02;;-100;-100;-100;-100;-100;-100;0.97;2.2;0.62;-0.48;0.28;;-0.35;0.54;0.21;0.51;-2.35;;1.01;1.94;0.15;-1.22;0.12;;-0.18;-0.23;-0.78;-0.51;1.04;;;1.17;-1.77;-0.07;0.8;;-0.78;1.49;1.06;-0.12;-0.69;;-100;-100;-100;-100;-100;-100;-0.12;-0.28;0.81;0.12;-0.32;;-1.45;1.32;-0.44;-1.89;-0.67;;0.1;0.9;-0.89;-1.12;0.59;;;0.32;0.3;-2.16;0.88;;;-0.39;0.63;-1.35;0.37;;;0.18;-0.18;-2.19;0.43;;;1.22;0.27;0.04;1.62;
2020-10-21;0.13;-0.03;-0.18;-0.54;-0.12;;0.29;-0.02;-1.18;-0.78;1.07;;-100;-100;-100;-100;-100;-100;1.41;0.5;-1.23;-0.75;0.44;;;0.97;-0.42;0.36;0.12;;0.76;-0.43;-0.75;-1.16;0.65;;0.94;0.31;-0.87;-0.93;-0.75;;;0.11;-1.81;0.35;-1.18;;-100;;0.67;-1.3;-1.8;;-0.06;0.4;0.11;0.7;-0.06;;-0.11;0.31;-0.17;0.21;0.19;;1.68;0.55;1.51;-0.71;1;;-100;-100;-100;-100;-100;-100;1.12;1.35;0.45;-0.42;-0.41;;-0.09;-0.07;0.76;-2.19;0.72;;0.55;-1.84;-1.1;1.21;0.65;;0.97;1.95;-1.49;-1.67;0.57;;0.43;0.6;1.26;-2.26;0.8;;-0.16;0.45;-0.27;0.28;1.55;;-100;-100;-100;-100;-100;-100;0.34;0.98;-0.27;-0.15;0;;0.17;-1.35;-0.75;-0.32;0.81;;-0.53;-0.4;-1.03;-0.86;0.52;;-0.39;0.82;-0.33;-2;1.03;;0.76;0.33;1.6;-1.98;0.41;;0.64;-1.14;-0.71;-0.37;0.65;;-0.29;-0.2;-1.46;-1.58;-0.4;
2020-10-28;-1.03;-0.86;0.54;0.25;-0.59;;0.78;0.97;-1.77;-1.31;-1.06;;-100;-100;-100;-100;-100;-100;0.81;0.62;-0.5;0.16;-1.42;;;-0.04;1.28;-0.61;-0.45;;-1.61;-0.18;-0.37;-0.69;0.94;;0.8;-0.38;-1.21;-0.32;-0.11;;;1.98;0.21;0.28;-1.3;;-100;;-1.01;-1.11;0;;1.43;0.12;0.44;0.86;0.61;;-0.2;0.09;-0.02;0;-0.07;;0.02;-1.87;-1.45;-0.39;1.1;;-100;-100;-100;-100;-100;-100;-0.1;-0.5;0.36;-0.04;-0.56;;0.9;-0.24;0.58;0.15;1.73;;0.96;-0.07;1.67;-1.64;-1.44;;0.59;-1.01;-1.18;-0.26;0.1;;0.13;-2.11;-0.71;1.23;0.02;;-0.29;-0.12;-0.61;0.64;1.45;;-100;-100;-100;-100;-100;-100;0.61;-0.57;0.42;1.59;0.59;;-0.86;-0.15;0.65;-0.08;-1.14;;1.11;1.22;-2.64;-0.22;-1.49;;-0.4;0.39;-0.12;0.28;1.87;;-1.46;-0.73;-0.11;-0.6;0.61;;-0.38;-0.84;0.41;0.39;0.53;;-0.35;0.07;-1.97;0.84;-0.54;
2020-11-04;-1.02;-0.23;-0.4;-0.86;-0.14;;-1.45;0.28;-1.48;0.52;-0.45;;-100;-100;-100;-100;-100;-100;-0.22;0.93;-1.18;-0.49;0.77;;;0.8;-2.42;-2.32;-1.63;;-1.91;0.28;-1.99;-1.05;-2.09;;-1.33;-0.26;-0.15;0.57;0.2;;;-1.7;0.08;-0.01;-1.25;;-100;;0.22;-0.72;-0.29;;1.65;1.41;1;0.33;0.61;;-0.17;0.02;-0.22;-0.02;0.42;;-0.37;-0.64;0.03;1.36;0.18;;-100;-100;-100;-100;-100;-100;-0.39;0.14;0.84;-0.06;0.27;;0.09;0.21;-0.22;2.25;0.66;;-3.11;0.09;-0.87;1.25;-0.38;;-1.3;0.78;-0.62;-0.75;1.63;;-0.05;1.4;-2.16;-0.46;-0.13;;0.42;0.79;-0.95;1.41;0.79;;-100;-100;-100;-100;-100;-100;0.45;1.34;0.66;2.19;0.38;;-1.49;-0.71;-2.45;-1.75;-0.38;;-1.75;0.4;0.7;-0.64;-0.74;;-0.99;2.19;-0.14;-0.14;0.78;;-0.79;1.27;0.7;-1.94;1.18;;-0.05;0.54;0.12;0.23;0.3;;-1.16;0.38;0.48;-0.86;-0.68;
2020-11-11;-0.08;0.78;-0.49;-0.27;-0.36;;-1.86;1.48;0.16;-0.45;-0.72;;-100;-100;-100;-100;-100;-100;-0.26;1.34;2.24;-1.74;0.18;;;-0.76;-0.45;-1.45;-0.9;;-1.76;-2.05;-2.67;-2.37;-1.84;;-3.28;0.99;-0.18;-0.76;0.24;;;-0.22;-1.07;-0.97;0.36;;-100;;-0.31;-2.08;1.03;;1.62;0.56;0.58;1.31;-0.03;;-0.56;0.14;0.1;0.14;0.11;;-0.6;2.66;1.79;-0.35;0.71;;-100;-100;-100;-100;-100;-100;-0.33;1.79;1.15;0.09;1.04;;-0.74;0.76;-1.35;-1.04;1.93;;-0.09;0.36;1.68;0.21;0.25;;-2.69;0.35;0.47;-1.54;1.83;;-0.25;1.3;-0.58;-1.53;1.55;;-1.11;1.59;1.69;0.69;1.21;;-100;-100;-100;-100;-100;-100;-0.32;2.43;2.29;1.6;1.46;;-0.83;-0.21;-0.47;-3.84;-1.42;;-1.27;1.64;-0.84;-1.17;1.1;;-2.29;0.6;0.33;-1.83;1.63;;0.66;0.88;0.31;-1.36;1.51;;0.63;2.03;1.52;-1.03;2.76;;-1.51;0.87;-0.52;0.67;0.41;
2020-11-18;-0.92;-0.49;0.32;-0.89;-0.66;;-1.17;0.37;0.6;-0.03;1.3;;-100;-100;-100;-100;-100;-100;0.25;0.91;0.27;-0.44;0.74;;;-1.39;-2.46;-0.99;-0.45;;-2.67;0.28;-2.34;-2.8;-2.95;;-3.16;-0.13;-0.07;-0.62;0.95;;;-0.54;-1.82;1.03;-1.57;;-100;;-0.66;-0.67;0.02;;0.86;1.7;0.85;1.49;-0.15;;-0.12;0.29;0.34;0.57;-0.07;;-1.44;0.36;-0.14;-0.04;1.71;;-100;-100;-100;-100;-100;-100;-1.22;0.05;0.9;1.03;0.48;;0.05;-0.13;1.64;0.15;0.32;;0.07;0.85;-0.53;-1.1;0.85;;-0.56;0.2;0.16;-0.7;1.13;;-0.78;2.19;-0.31;-2.11;-0.65;;-0.64;2.2;1.59;0.21;1.85;;-100;-100;-100;-100;-100;-100;-0.17;2.11;2.5;1;1.8;;-1.87;-1.86;-1.65;-4.27;-1.14;;-0.17;-2.02;0.42;-0.66;0.27;;-2.59;0.07;1.37;-1.8;2.5;;-1.25;1.64;2.11;-1.61;0.47;;-0.77;1.26;1.78;-2.08;0.16;;-2.34;1.35;-1.05;-0.3;0.31;
2020-11-25;-0.93;0.22;-0.45;-0.99;-0.4;;-1.68;0.98;-0.38;0.2;0.22;;-100;-100;-100;-100;-100;-100;2.44;0.35;0.71;-0.64;1.63;;;-2.09;0.35;-1.5;-1.18;;-1.93;-1.36;-2.58;-1.45;-2.33;;-1.38;-1.81;0.56;-0.51;0.47;;;1.8;-2.04;0.02;-1.32;;-100;;0.03;-0.39;1.01;;0.49;1.51;0.91;0.63;1;;-0.34;0.24;0.13;0.59;0.11;;-1.93;1.88;-1.01;-0.56;0.81;;-100;-100;-100;-100;-100;-100;-1.2;0.41;1.06;0.69;-0.58;;-1.84;0.52;-1.13;-1.35;0.93;;0.8;-0.18;0.21;0.37;0.97;;-1.86;0.4;-0.44;-0.36;0.99;;1.86;-0.22;-0.91;0.08;-1.39;;0.65;4.02;1.62;0.7;1.59;;-100;-100;-100;-100;-100;-100;1.28;2.84;2.33;1.06;1.88;;-2.16;-0.69;-1.42;-0.75;-1.98;;-0.4;0.79;1.88;0.04;0.91;;-0.9;0.77;1.15;-0.79;0.45;;-1.49;0.82;1.59;-1.09;1.22;;1.14;0.34;1.19;0.24;-0.19;;-1.45;-1.73;-0.38;-0.33;0.38;
2020-12-02;-0.7;0.46;0.91;0.64;-0.14;;-2.14;1.04;2.07;0.9;0.33;;-100;-100;-100;-100;-100;-100;2.97;1.05;1.44;1.38;1.75;;;-2.03;-1.28;-0.2;0.3;;-0.2;-1.48;-2.08;-1.12;-0.72;;-1.83;-0.12;1.01;-1.72;-0.18;;;-0.43;-1.06;0.43;0.27;;-100;;0.02;-0.2;1.31;;-0.21;1.77;0.35;1.35;1.6;;-0.34;0.57;0.91;0.8;0.72;;-0.68;2.84;0.75;-0.12;0.72;;-100;-100;-100;-100;-100;-100;1.52;-0.51;1.51;1.56;-0.05;;-1.11;0.56;1.5;-1.08;0.58;;0.59;0.31;1.36;0.62;-1.07;;-1.63;1.15;0.8;0.09;0.46;;0.54;0.44;1.28;0.72;0.42;;0.97;3.54;4.3;0.76;0.17;;-100;-100;-100;-100;-100;-100;2.07;1.77;3.36;0.77;0.31;;-0.52;-0.47;-1.36;-0.83;-1.79;;0.55;-0.13;1.59;1.31;-2.46;;-0.42;2.03;2.81;-1.06;1.95;;2.58;1.04;2.95;-0.32;1.7;;0.07;1.76;3.95;-0.37;2.8;;0.67;0.53;0.36;-0.71;-0.2;
2020-12-09;-0.77;0.89;-0.32;0.17;0.61;;-0.65;1.09;1.97;1.29;0.85;;-100;-100;-100;-100;-100;-100;0.77;1.7;2.16;0.18;1.24;;;-0.99;-2.99;-0.06;-0.88;;-1.09;-0.24;-1.49;-1.25;-1.97;;-1.43;1.64;2.83;-1.66;0.35;;;-0.8;1.74;-1.63;-0.06;;-100;1.03;-0.42;-1.06;1.23;;0.92;1.31;1.42;1.59;1.16;;-0.21;0.42;1.06;0.99;0.62;;0.94;2.25;2.69;0.62;2.12;;-100;-100;-100;-100;-100;-100;1.35;1.96;2.36;1.23;0.25;;0.19;0.8;0.1;0.36;0.62;;-0.31;1.23;1.15;1.29;-1.14;;-0.84;1.94;2.61;0.33;1.8;;0.61;3.27;0.83;-1.97;-1.92;;-0.19;4.92;3.9;0.16;1.7;;-100;-100;-100;-100;-100;-100;1.58;3.29;5.78;1.75;1.35;;-3.03;-0.22;-1.03;-2.59;-2.13;;-1;-0.11;0.77;0.48;0.5;;-0.75;2.11;4.31;-1.14;2.78;;-1.34;2.08;1.6;-0.79;2.88;;-1.02;2.51;4.96;0.36;1.88;;-1.76;-0.56;1.09;-1.47;0.14;
2020-12-16;-0.57;3.48;0.83;0.62;-0.6;;-1.13;1.98;1.71;1.49;2;;-100;-100;-100;-100;-100;-100;0.76;1.36;0.97;2.02;0.02;;;-0.92;-1.34;-0.45;-0.86;;-1.75;1.85;-0.71;-2.1;-1.02;;-1.42;4.44;2.59;0.02;0.76;;;-0.01;-0.26;0.29;-1.42;;-100;0.39;-1.23;1.94;-0.14;;1.33;3.07;0.78;1.69;0.98;;-0.2;1.24;2.45;1.42;0.69;;0.53;2.5;2.09;-0.45;3.92;;-100;-100;-100;-100;-100;-100;-0.82;4.07;2.35;1.21;2.08;;0.34;0.18;-0.43;0.6;0.48;;-0.39;1.35;1.27;-1.14;0.47;;-0.72;1.09;0.94;0.44;2.43;;-0.49;3.44;2.26;-0.52;-2.01;;1.04;7.63;4.3;1.32;1.47;;-100;-100;-100;-100;-100;-100;2.38;4.48;6.74;2.08;0.68;;-1.86;-0.28;-1.18;-2.19;-0.79;;-1.78;2.73;2.65;-0.32;1.1;;-1.6;2.77;6.25;0.14;4.64;;-4.89;2.85;3.27;1.08;2.46;;1.25;3.13;4.76;0.92;2.72;;-2.14;0.4;1.82;0.84;1.52;
2020-12-23;-0.48;7.95;1.1;1.12;-0.14;;-2.07;2.97;2.28;1.13;-0.33;;-100;-100;-100;-100;-100;-100;0.14;3.26;2.85;-0.73;-0.32;;;1.13;-0.99;0.26;-1.27;;-0.53;4.09;-0.5;1.16;-1.34;;-2.58;7.99;4.96;-0.55;-0.63;;;2.12;0.22;-1.33;-0.19;;-100;2.21;1.16;-0.7;-0.89;;1.86;3.9;1.56;2.17;0.98;;0.11;1.42;1.65;1.51;0.54;;0.61;4.22;4.56;-0.28;3.17;;-100;-100;-100;-100;-100;-100;0.13;5.31;3.36;1.56;0.77;;-1.43;1.83;0.5;-0.68;1.17;;0.99;1.27;2.52;3.22;1.64;;-4.11;3.6;1.97;-1.24;-0.13;;0.45;4.45;1.75;0.66;-1.17;;0.52;11.09;6.37;2.41;1.52;;-100;-100;-100;-100;-100;-100;0.98;7.49;9.33;2.55;-0.62;;-2.15;1.62;0.5;-2.09;-2.37;;-0.07;5.41;0.95;0.14;-0.49;;-1.88;4.66;7.36;0.16;3.81;;4;1.81;4.14;0.46;0.82;;-0.3;2.08;9.72;3.39;1.76;;0.25;2.73;3.23;-1.55;1.38;
2020-12-30;-0.8;;;;;;-0.98;;;;;;-100;-100;-100;-100;-100;-100;-0.51;;;;;;-1.08;;;;;;0.08;;;;;;-0.42;;;;;;-1.26;;;;;;-100;;;;;;2.26;;;;;;0.22;;;;;;1.37;;;;;;-100;-100;-100;-100;-100;-100;0.5;;;;;;0.27;;;;;;2.17;;;;;;-0.65;;;;;;1.29;;;;;;2.71;;;;;;-100;-100;-100;-100;-100;-100;2.33;;;;;;0.13;;;;;;0.35;;;;;;-0.33;;;;;;4.51;;;;;;1.02;;;;;;-1.5;;;;;
